SET statement_timeout = 0;
SET lock_timeout = 0;
SET idle_in_transaction_session_timeout = 0;
SET client_encoding = 'UTF8';
SET standard_conforming_strings = on;
SELECT pg_catalog.set_config('search_path', '', false);
SET check_function_bodies = false;
SET xmloption = content;
SET client_min_messages = warning;
SET row_security = off;

SET default_tablespace = '';

SET default_table_access_method = heap;


CREATE TABLE public.sectores (
    cod_sector integer NOT NULL,
    nomb_sector varchar(20),
    CONSTRAINT sectores_pkey PRIMARY KEY (cod_sector)
);
ALTER TABLE public.sectores OWNER TO postgres;


CREATE TABLE public.caracter_academico (
    cod_academ integer NOT NULL,
    nomb_academ varchar(100),
    CONSTRAINT caracter_academico_pkey PRIMARY KEY(cod_academ)
);
ALTER TABLE public.caracter_academico OWNER TO postgres;


CREATE TABLE public.instituciones (
    cod_ies_padre integer NOT NULL,
    nomb_inst text,
    cod_academ integer NOT NULL,
    cod_sector integer NOT NULL,
    CONSTRAINT instituciones_pkey PRIMARY KEY (cod_ies_padre),
    CONSTRAINT fk_instituciones_sect FOREIGN KEY (cod_sector) REFERENCES public.sectores (cod_sector) 
        ON DELETE RESTRICT ON UPDATE CASCADE,
    CONSTRAINT fk_instituciones_caract FOREIGN KEY (cod_academ) REFERENCES public.caracter_academico (cod_academ) 
        ON DELETE RESTRICT ON UPDATE CASCADE
);
ALTER TABLE public.instituciones OWNER TO postgres;


CREATE TABLE public.departamentos (
    cod_depto integer NOT NULL,
    nomb_depto varchar(100) NOT NULL,
    CONSTRAINT departamentos_pkey PRIMARY KEY (cod_depto)
);
ALTER TABLE public.departamentos OWNER TO postgres;


CREATE TABLE public.municipios (
    cod_munic integer NOT NULL,
    nomb_munic varchar(100) NOT NULL,
    cod_depto integer NOT NULL,
    CONSTRAINT municipios_pkey PRIMARY KEY (cod_munic),
    CONSTRAINT fk_municipios_depto FOREIGN KEY (cod_depto) REFERENCES public.departamentos (cod_depto)
        ON DELETE RESTRICT ON UPDATE CASCADE
);
ALTER TABLE public.municipios OWNER TO postgres;


CREATE TABLE public.norma_creacion (
    cod_norma integer NOT NULL, 
    nomb_norma varchar(100),
    CONSTRAINT norma_creacion_pkey PRIMARY KEY (cod_norma)
);
ALTER TABLE public.norma_creacion OWNER TO postgres;


CREATE TABLE public.acto_administrativo (
    cod_admin integer NOT NULL, 
    nomb_admin varchar(100),
    CONSTRAINT acto_administrativo_pkey PRIMARY KEY (cod_admin)
);
ALTER TABLE public.acto_administrativo OWNER TO postgres;


CREATE TABLE public.seccional (
    cod_seccional integer NOT NULL, 
    nomb_seccional varchar(20),
    CONSTRAINT seccional_pkey PRIMARY KEY (cod_seccional)
);
ALTER TABLE public.seccional OWNER TO postgres;


CREATE TABLE public.naturaleza_juridica (
    cod_juridica integer NOT NULL, 
    nomb_juridica varchar(20),
    CONSTRAINT naturaleza_juridica_pkey PRIMARY KEY (cod_juridica)
);
ALTER TABLE public.naturaleza_juridica OWNER TO postgres;


CREATE TABLE public.estado (
    cod_estado integer NOT NULL, 
    nomb_estado varchar(20),
    CONSTRAINT estado_pkey PRIMARY KEY (cod_estado)
);
ALTER TABLE public.estado OWNER TO postgres;


CREATE TABLE public.inst_por_municipio ( 
    cod_inst integer NOT NULL, 
    cod_munic integer,
    cod_ies_padre integer,
    direccion varchar(100), 
    telefono varchar(15),
    norma integer,
    fecha_creacion date,
    programas_vigente integer,
    programas_convenio integer,
    acreditada boolean,
    fecha_acreditacion date,
    resolucion_acreditacion integer,
    vigencia integer,
    nit varchar(20),
    pagina_web varchar(100),
    cod_norma integer, 
    cod_admin integer, 
    cod_seccional integer, 
    cod_juridica integer, 
    cod_estado integer,
    CONSTRAINT inst_por_municipio_pkey PRIMARY KEY (cod_inst),
    CONSTRAINT fk_inst_inst FOREIGN KEY (cod_ies_padre) REFERENCES public.instituciones (cod_ies_padre)
        ON DELETE RESTRICT ON UPDATE CASCADE,
    CONSTRAINT fk_inst_mun FOREIGN KEY (cod_munic) REFERENCES public.municipios (cod_munic)
        ON DELETE RESTRICT ON UPDATE CASCADE,   
    CONSTRAINT fk_inst_norma FOREIGN KEY (cod_norma) REFERENCES public.norma_creacion (cod_norma)  
        ON DELETE RESTRICT ON UPDATE CASCADE, 
    CONSTRAINT fk_inst_admin FOREIGN KEY (cod_admin) REFERENCES public.acto_administrativo (cod_admin)  
        ON DELETE RESTRICT ON UPDATE CASCADE,  
    CONSTRAINT fk_inst_seccional FOREIGN KEY (cod_seccional) REFERENCES public.seccional (cod_seccional)  
        ON DELETE RESTRICT ON UPDATE CASCADE,   
    CONSTRAINT fk_inst_juridica FOREIGN KEY (cod_juridica) REFERENCES public.naturaleza_juridica (cod_juridica)  
        ON DELETE RESTRICT ON UPDATE CASCADE,
    CONSTRAINT fk_inst_estado FOREIGN KEY (cod_estado) REFERENCES public.estado (cod_estado)  
        ON DELETE RESTRICT ON UPDATE CASCADE
);
ALTER TABLE public.inst_por_municipio OWNER TO postgres;


CREATE TABLE public.cargos (
    cod_cargo integer NOT NULL,
    nomb_cargo varchar(100),
    CONSTRAINT cargos_pkey PRIMARY KEY (cod_cargo)
);
ALTER TABLE public.cargos OWNER TO postgres;


CREATE TABLE public.acto_nombramiento (
    cod_nombram integer NOT NULL,
    nomb_nombram varchar(100),
    CONSTRAINT acto_nombramiento_pkey PRIMARY KEY (cod_nombram)
);
ALTER TABLE public.acto_nombramiento OWNER TO postgres;



CREATE TABLE public.directivos (
    cod_directivo integer NOT NULL,
    nomb_directivo varchar(100),
    apell_directivo varchar(100),
    CONSTRAINT directivos_pkey PRIMARY KEY (cod_directivo)
);
ALTER TABLE public.directivos OWNER TO postgres;

CREATE TABLE public.rectoria (
    cod_directivo integer NOT NULL, 
    cod_cargo integer NOT NULL,
    cod_inst integer NOT NULL,
    cod_munic integer, 
    cod_nombram integer,
    fecha_inicio date,
    fecha_final date,
    CONSTRAINT rectoria_pkey PRIMARY KEY (cod_directivo, cod_cargo, cod_inst),
    CONSTRAINT fk_rectoria_dir FOREIGN KEY (cod_directivo) REFERENCES public.directivos (cod_directivo) 
    	ON DELETE RESTRICT ON UPDATE CASCADE,
    CONSTRAINT fk_rectoria_inst_mun FOREIGN KEY (cod_inst) REFERENCES public.inst_por_municipio (cod_inst) 
    	ON DELETE RESTRICT ON UPDATE CASCADE,
    CONSTRAINT fk_rectoria_cargos FOREIGN KEY (cod_cargo) REFERENCES public.cargos (cod_cargo) 
	ON DELETE RESTRICT ON UPDATE CASCADE,
    CONSTRAINT fk_rectoria_acto FOREIGN KEY (cod_nombram) REFERENCES public.acto_nombramiento (cod_nombram) 
    	ON DELETE RESTRICT ON UPDATE CASCADE
);
ALTER TABLE public.rectoria OWNER TO postgres;

CREATE TABLE public.cobertura (
    cod_cobertura integer NOT NULL, 
    nomb_cobertura varchar(60),
    CONSTRAINT cobertura_pkey PRIMARY KEY (cod_cobertura)
);
ALTER TABLE public.cobertura OWNER TO postgres;

CREATE TABLE public.cubrimiento (
    cod_cobertura integer NOT NULL,
    cod_inst integer NOT NULL,
    cod_munic integer NOT NULL,
    direccion text,
    CONSTRAINT cubrimiento_pkey PRIMARY KEY (cod_cobertura, cod_inst, cod_munic),
    CONSTRAINT fk_cubrimiento_cober FOREIGN KEY (cod_cobertura) REFERENCES public.cobertura (cod_cobertura) ON DELETE RESTRICT ON UPDATE CASCADE,
    CONSTRAINT fk_cubrimiento_inst FOREIGN KEY (cod_inst) REFERENCES public.inst_por_municipio (cod_inst) ON DELETE RESTRICT ON UPDATE CASCADE,
    CONSTRAINT fk_cubrimiento_munic FOREIGN KEY (cod_munic) REFERENCES public.municipios (cod_munic) ON DELETE RESTRICT ON UPDATE CASCADE
);
ALTER TABLE public.cubrimiento OWNER TO postgres;




-----------------------------------------------------------------
--IMPORTACIONES--------------------------------------------------
-----------------------------------------------------------------



COPY public.sectores (cod_sector,nomb_sector) FROM stdin;
0	Oficial
1	Privado
\.

COPY public.caracter_academico (cod_academ, nomb_academ) FROM stdin;
1	Universidad
2	Institución Universitaria/Escuela Tecnológica
3	Institución Tecnológica
4	Institución Técnica Profesional
\.

COPY public.instituciones (cod_ies_padre, nomb_inst, cod_academ, cod_sector) FROM stdin;
1101	UNIVERSIDAD NACIONAL DE COLOMBIA	1	0
1105	UNIVERSIDAD PEDAGÓGICA NACIONAL	1	0
1106	UNIVERSIDAD PEDAGOGICA Y TECNOLOGICA DE COLOMBIA UPTC	1	0
1110	UNIVERSIDAD DEL CAUCA	1	0
1111	UNIVERSIDAD TECNOLÓGICA DE PEREIRA UTP	1	0
1112	UNIVERSIDAD DE CALDAS	1	0
1113	UNIVERSIDAD DE CÓRDOBA	1	0
1114	UNIVERSIDAD SURCOLOMBIANA	1	0
1115	UNIVERSIDAD DE LA AMAZONIA	1	0
1117	UNIVERSIDAD MILITAR NUEVA GRANADA	1	0
1118	UNIVERSIDAD TECNOLOGICA DEL CHOCO DIEGO LUIS CORDOBA	1	0
1119	UNIVERSIDAD DE LOS LLANOS	1	0
1120	UNIVERSIDAD POPULAR DEL CESAR	1	0
1121	UNIVERSIDAD COLEGIO MAYOR DE CUNDINAMARCA	1	0
1122	UNIVERSIDAD DEL PACIFICO	1	0
1201	UNIVERSIDAD DE ANTIOQUIA	1	0
1202	UNIVERSIDAD DEL ATLÁNTICO	1	0
1203	UNIVERSIDAD DEL VALLE	1	0
1204	UNIVERSIDAD INDUSTRIAL DE SANTANDER	1	0
1205	UNIVERSIDAD DE CARTAGENA	1	0
1206	UNIVERSIDAD DE NARIÑO	1	0
1207	UNIVERSIDAD DEL TOLIMA	1	0
1208	UNIVERSIDAD DEL QUINDIO	1	0
1209	UNIVERSIDAD FRANCISCO DE PAULA SANTANDER	1	0
1212	UNIVERSIDAD DE PAMPLONA	1	0
1213	UNIVERSIDAD DEL MAGDALENA UNIMAGDALENA	1	0
1214	UNIVERSIDAD DE CUNDINAMARCA UDEC	1	0
1217	UNIVERSIDAD DE SUCRE	1	0
1218	UNIVERSIDAD DE LA GUAJIRA	1	0
1301	UNIVERSIDAD DISTRITAL FRANCISCO JOSÉ DE CALDAS	1	0
1701	PONTIFICIA UNIVERSIDAD JAVERIANA	1	1
1703	UNIVERSIDAD INCCA DE COLOMBIA	1	1
1704	UNIVERSIDAD SANTO TOMÁS	1	1
1706	UNIVERSIDAD EXTERNADO DE COLOMBIA	1	1
1707	FUNDACIÓN UNIVERSIDAD DE BOGOTA JORGE TADEO LOZANO	1	1
1709	UNIVERSIDAD CENTRAL	1	1
1710	UNIVERSIDAD PONTIFICIA BOLIVARIANA	1	1
1711	UNIVERSIDAD DE LA SABANA	1	1
1712	UNIVERSIDAD EAFIT	1	1
1713	UNIVERSIDAD DEL NORTE	1	1
1714	COLEGIO MAYOR DE NUESTRA SEÑORA DEL ROSARIO	1	1
1715	FUNDACIÓN UNIVERSIDAD DE AMERICA	1	1
1718	UNIVERSIDAD DE SAN BUENAVENTURA	1	1
1719	UNIVERSIDAD CATOLICA DE COLOMBIA	1	1
1720	UNIVERSIDAD MARIANA	1	1
1722	UNIVERSIDAD DE MANIZALES	1	1
1725	FUNDACION UNIVERSIDAD AUTONOMA DE COLOMBIA FUAC	1	1
1726	UNIVERSIDAD CATOLICA DE ORIENTE UCO	1	1
1728	UNIVERSIDAD SERGIO ARBOLEDA	1	1
1729	UNIVERSIDAD EL BOSQUE	1	1
1734	UNIVERSIDAD DE BOYACA UNIBOYACA	1	1
1735	UNIVERSIDAD MANUELA BELTRAN UMB	1	1
1801	UNIVERSIDAD LA GRAN COLOMBIA	1	1
1803	UNIVERSIDAD DE LA SALLE	1	1
1804	UNIVERSIDAD AUTONOMA DEL CARIBE UNIAUTÓNOMA	1	1
1805	UNIVERSIDAD SANTIAGO DE CALI	1	1
1806	UNIVERSIDAD LIBRE	1	1
1812	UNIVERSIDAD DE MEDELLÍN	1	1
1813	UNIVERSIDAD DE LOS ANDES	1	1
1814	UNIVERSIDAD AUTÓNOMA LATINOAMERICANA UNAULA	1	1
1815	CORPORACIÓN UNIVERSIDAD PILOTO DE COLOMBIA	1	1
1818	UNIVERSIDAD COOPERATIVA DE COLOMBIA	1	1
1823	UNIVERSIDAD AUTÓNOMA DE BUCARAMANGA UNAB	1	1
1824	UNIVERSIDAD METROPOLITANA	1	1
1825	UNIVERSIDAD AUTONOMA DE MANIZALES	1	1
1826	UNIVERSIDAD ANTONIO NARIÑO	1	1
1827	UNIVERSIDAD CATOLICA DE MANIZALES	1	1
1828	UNIVERSIDAD ICESI	1	1
1830	UNIVERSIDAD AUTÓNOMA DE OCCIDENTE	1	1
1831	UNIVERSIDAD DE IBAGUE	1	1
1832	UNIVERSIDAD TECNOLOGICA DE BOLIVAR	1	1
1833	UNIVERSIDAD DEL SINU ELIAS BECHARA ZAINUM UNISINU	1	1
1835	UNIVERSIDAD DE CIENCIAS APLICADAS Y AMBIENTALES UDCA	1	1
2102	UNIVERSIDAD NACIONAL ABIERTA Y A DISTANCIA UNAD	1	0
2104	ESCUELA SUPERIOR DE ADMINISTRACIÓN PÚBLICA ESAP	2	0
2106	DIRECCION DE EDUCACION POLICIAL	2	0
2110	COLEGIO MAYOR DE ANTIOQUIA	2	0
2114	ESCUELA NACIONAL DEL DEPORTE	2	0
2206	INSTITUTO DEPARTAMENTAL DE BELLAS ARTES	2	0
2207	INSTITUTO UNIVERSITARIO DE LA PAZ	2	0
2208	CONSERVATORIO DEL TOLIMA	2	0
2209	POLITÉCNICO COLOMBIANO JAIME ISAZA CADAVID	2	0
2211	INSTITUCIÓN UNIVERSITARIA BELLAS ARTES Y CIENCIAS DE BOLIVAR	2	0
2301	UNIDAD CENTRAL DEL VALLE DEL CAUCA	2	0
2302	INSTITUCIÓN UNIVERSITARIA DE ENVIGADO	2	0
2701	INSTITUCIÓN UNIVERSITARIA COLEGIOS DE COLOMBIA UNICOC	2	1
2702	FUNDACIÓN UNIVERSITARIA DE CIENCIAS DE LA SALUD	2	1
2704	COLEGIO DE ESTUDIOS SUPERIORES DE ADMINISTRACIÓN CESA	2	1
2707	FUNDACIÓN UNIVERSITARIA JUAN N. CORPAS	2	1
2708	UNIVERSIDAD CES	1	1
2709	FUNDACIÓN UNIVERSITARIA SAN MARTIN	2	1
2710	FUNDACIÓN UNIVERSITARIA MONSERRATE UNIMONSERRATE	2	1
2711	UNIVERSIDAD CATOLICA DE PEREIRA	1	1
2712	FUNDACIÓN UNIVERSITARIA KONRAD LORENZ	2	1
2713	FUNDACIÓN UNIVERSITARIA LOS LIBERTADORES	2	1
2715	FUNDACIÓN UNIVERSITARIA DE POPAYAN	2	1
2716	INSTITUTO UNIVERSITARIO DE HISTORIA DE COLOMBIA	2	1
2717	FUNDACION UNIVERSITARIA DE GARCÍA ROVIRA,NORTE Y GUTIERREZ	2	1
2719	UNIVERSIDAD CATÓLICA LUIS AMIGÓ	1	1
2720	FUNDACIÓN UNIVERSITARIA JUAN DE CASTELLANOS	2	1
2721	FUNDACION UNIVERSITARIA MARIA CANO	2	1
2722	FUNDACION CENTRO UNIVERSITARIO DE BIENESTAR RURAL	2	1
2723	FUNDACIÓN UNIVERSITARIA AGRARIA DE COLOMBIA UNIAGRARIA	2	1
2724	FUNDACION UNIVERSITARIA DE SAN GIL UNISANGIL	2	1
2725	POLITÉCNICO GRANCOLOMBIANO	2	1
2727	FUNDACIÓN UNIVERSITARIA CEIPA	2	1
2728	FUNDACIÓN UNIVERSITARIA DEL AREA ANDINA	2	1
2730	FUNDACIÓN ESCUELA COLOMBIANA DE REHABILITACION	2	1
2731	FUNDACION UNIVERSITARIA CATOLICA LUMEN GENTIUM UNICATÓLICA CALI	2	1
2732	FUNDACION UNIVERSITARIA CATOLICA DEL NORTE	2	1
2733	FUNDACIÓN UNIVERSITARIA SAN ALFONSO FUSA	2	1
2736	FUNDACION UNIVERSITARIA SEMINARIO BÍBLICO DE COLOMBIA FUSBC	2	1
2738	FUNDACION UNIVERSITARIA EMPRESARIAL DE LA CÁMARA DE COMERCIO DE BOGOTÁ UNIEMPRESARIAL	2	1
2739	FUNDACIÓN DE ESTUDIOS SUPERIORES UNIVERSITARIOS DE URABA ANTONIO ROLDAN BETANCUR	2	1
2740	INSTITUCION UNIVERSITARIA COLOMBO AMERICANA UNICA	2	1
2741	FUNDACIÓN DE ESTUDIOS SUPERIORES MONSEÑOR ABRAHAM ESCUDERO MONTOYA FUNDES	2	1
2743	UNIVERSIDAD INTERNACIONAL DEL TRÓPICO AMERICANO UNITRÓPICO	1	0
2744	UNIVERSIDAD CESMAG IU CESMAG	1	1
2745	FUNDACIÓN UNIVERSITARIA COMPENSAR	2	1
2746	FUNDACIÓN UNIVERSITARIA SANITAS	2	1
2747	INSTITUCIÓN UNIVERSITARIA VISIÓN DE LAS AMÉRICAS	2	1
2748	FUNDACIÓN UNIVERSITARIA SEMINARIO TEOLOGICO BAUTISTA INTERNACIONAL	2	1
2749	INSTITUCION UNIVERSITARIA SALAZAR Y HERRERA	2	1
2805	UNIVERSIDAD SIMÓN BOLÍVAR	1	1
2810	CORPORACIÓN UNIVERSIDAD DE LA COSTA CUC	1	1
2811	UNIVERSIDAD ESCUELA COLOMBIANA DE INGENIERÍA JULIO GARAVITO	1	1
2812	UNIVERSIDAD EAN	1	1
2813	UNIVERSIDAD EIA	1	1
2815	CORPORACIÓN UNIVERSITARIA ADVENTISTA UNAC	2	1
2818	CORPORACIÓN UNIVERSITARIA DE SANTA ROSA DE CABAL UNISARC	2	1
2820	CORPORACIÓN UNIVERSITARIA LASALLISTA	2	1
2822	ESCUELA SUPERIOR DE OFTALMOLOGIA, INSTITUTO BARRAQUER DE AMÉRICA	2	1
2823	CORPORACIÓN UNIVERSITARIA DEL CARIBE CECAR	2	1
2824	CORPORACIÓN UNIVERSITARIA DE COLOMBIA IDEAS	2	1
2825	CORPORACIÓN UNIVERSITARIA RAFAEL NUÑEZ	2	1
2827	CORPORACIÓN UNIVERSITARIA DEL META UNIMETA	2	1
2828	CORPORACIÓN UNIVERSITARIA DEL HUILA CORHUILA	2	1
2829	CORPORACIÓN UNIVERSITARIA MINUTO DE DIOS UNIMINUTO	2	1
2830	CORPORACIÓN UNIVERSITARIA IBEROAMERICANA	2	1
2831	CORPORACIÓN UNIVERSITARIA DE CIENCIA Y DESARROLLO UNICIENCIA	2	1
2832	UNIVERSIDAD DE SANTANDER UDES	1	1
2833	CORPORACIÓN UNIVERSITARIA REMINGTON	2	1
2834	UNIVERSITARIA AGUSTINIANA UNIAGUSTINIANA	2	1
2835	CORPORACIÓN CRISTIANA UNIVERSITARIA DE SAN ANDRES, PROVIDENCIA Y SANTA CATALINA	2	1
2836	CORPORACIÓN UNIVERSITARIA EMPRESARIAL DE SALAMANCA	2	1
2837	CORPORACION UNIVERSITARIA REPUBLICANA	2	1
2838	CORPORACIÓN COLEGIATURA COLOMBIANA	2	1
2840	CORPORACIÓN UNIVERSITARIA EMPRESARIAL ALEXANDER VON HUMBOLDT CUE	2	1
2842	CORPORACIÓN UNIVERSITARIA REFORMADA CUR	2	1
2847	UNIVERSIDAD DE INVESTIGACIÓN Y DESARROLLO UDI	1	1
2848	CORPORACIÓN UNIVERSITARIA UNITEC	2	1
2849	CORPORACION UNIVERSITARIA AUTONOMA DEL CAUCA	2	1
2850	CORPORACION UNIVERSITARIA ANTONIO JOSÉ DE SUCRE CORPOSUCRE	2	1
2901	ESCUELA DE INTELIGENCIA Y CONTRAINTELIGENCIA BRIGADIER GENERAL RICARDO CHARRY SOLANO	2	0
2902	ESCUELA DE LOGÍSTICA	2	0
2903	ESCUELA DE COMUNICACIONES	2	0
2904	ESCUELA SUPERIOR DE GUERRA GENERAL RAFAEL REYES PRIETO	2	0
2905	CENTRO DE EDUCACION MILITAR CEMIL	2	0
2906	ESCUELA DE POSTGRADOS DE LA FAC EPFAC	2	0
3102	INSTITUTO SUPERIOR DE EDUCACION RURAL ISER	3	0
3103	INSTITUCIÓN UNIVERSITARIA MAYOR DE CARTAGENA	2	0
3104	COLEGIO MAYOR DEL CAUCA	2	0
3107	INSTITUCIÓN UNIVERSITARIA PASCUAL BRAVO	2	0
3114	ESCUELA NAVAL DE SUBOFICIALES ARC BARRANQUILLA	3	0
3115	INSTITUTO TECNOLOGICO DEL PUTUMAYO	3	0
3117	INSTITUCIÓN UNIVERSITARIA DE BARRANQUILLA IUB	2	0
3201	UNIDADES TECNOLOGICAS DE SANTANDER	3	0
3204	TECNOLÓGICO DE ANTIOQUIA	2	0
3301	INSTITUCIÓN UNIVERSITARIA ANTONIO JOSE CAMACHO	2	0
3302	INSTITUTO TECNOLÓGICO METROPOLITANO	2	0
3303	TECNOLÓGICO DE ARTES DÉBORA ARANGO INSTITUCIÓN REDEFINIDA	3	0
3702	FUNDACION TECNOLOGICA AUTONOMA DE BOGOTA FABA	3	1
3703	INSTITUCIÓN UNIVERSITARIA ESCOLME	2	1
3705	FUNDACION UNIVERSITARIA TECNOLOGICO COMFENALCO CARTAGENA	2	1
3706	FUNDACIÓN CENTRO COLOMBIANO DE ESTUDIOS PROFESIONALES, F.C.E.C.E.P.	3	1
3710	FUNDACIÓN UNIVERSITARIA ANTONIO DE AREVALO TECNAR	2	1
3712	FUNDACION CENTRO DE INVESTIGACIÓN DOCENCIA Y CONSULTORIA ADMINISTRATIVA F CIDCA	3	1
3713	FUNDACIÓN UNIVERSITARIA PARA EL DESARROLLO HUMANO UNINPAHU	2	1
3715	FUNDACION TECNOLOGICA AUTONOMA DEL PACIFICO	3	1
3716	TECNOLOGICA FITEC	3	1
3718	FUNDACIÓN DE ESTUDIOS SUPERIORES COMFANORTE F.E.S.C.	3	1
3719	INSTITUCIÓN UNIVERSITARIA LATINA UNILATINA	2	1
3720	FUNDACION UNIVERSITARIA ESUMER	2	1
3723	FUNDACIÓN EUROCOLOMBIANA DE EDUCACIÓN SUPERIOR EUROCOL	3	1
3724	INSTITUCION DE EDUCACION TECNOLOGICA INTERNACIONAL UNIVERSAE	3	1
3725	FUNDACION DE EDUCACION SUPERIOR ALBERTO MERANI	3	1
3801	CORPORACIÓN DE ESTUDIOS TECNOLOGICOS DEL NORTE DEL VALLE	3	1
3802	CORPORACIÓN TECNOLÓGICO SUPERIOR	3	1
3803	CORPORACIÓN UNIVERSITARIA CENTRO SUPERIOR UNICUCES	2	1
3805	INSTITUTO DE EDUCACION EMPRESARIAL IDEE	3	1
3806	CORPORACION ESCUELA SUPERIOR DE ADMINISTRACION Y ESTUDIOS TECNOLÓGICOS EAE	3	1
3807	ESCUELA DE TECNOLOGIAS DE ANTIOQUIA ETA	3	1
3808	CORPORACION TECNOLOGICA DE BOGOTA CTB	3	1
3809	INSTITUTO SUPERIOR DE CIENCIAS SOCIALES Y ECONÓMICO FAMILIARES ICSEF	3	1
3810	CORPORACION EDUCATIVA ITAE	3	1
3811	CORPORACION DE EDUCACION DEL NORTE DEL TOLIMA COREDUCACION	3	1
3812	INSTITUCIÓN UNIVERSITARIA MARCO FIDEL SUAREZ USAFIS	2	1
3817	CORPORACION UNIVERSITARIA AUTONOMA DE NARIÑO AUNAR	2	1
3819	CORPORACION TECNOLOGICA INDUSTRIAL COLOMBIANA TEINCO	3	1
3820	CORPORACION ACADEMIA TECNOLOGICA DE COLOMBIA ATEC	3	1
3821	CORPORACION POLITECNICO DE LA COSTA ATLÁNTICA	3	1
3822	POLITÉCNICO ICAFT	3	1
3823	UNIÓN AMERICANA DE EDUCACION SUPERIOR UNIÓN AMERICANA	3	1
3824	CENTRO DE CONOCIMIENTO ALEJANDRÍA ALEJANDRÍA	3	1
3826	CORPORACION INTERNACIONAL PARA EL DESARROLLO EDUCATIVO CIDE	3	1
3827	POLITECNICO SANTAFE DE BOGOTÁ	3	1
3828	CORPORACIÓN TECNOLÓGICA DE EDUCACIÓN SUPERIOR SAPIENZA CTES	3	1
3829	CORPORACIÓN JOHN F. KENNEDY	3	1
3830	CORPORACION UNIVERSAL DE INVESTIGACION Y TECNOLOGIA CORUNIVERSITEC	3	1
3831	CORPORACION UNIVERSITARIA COMFACAUCA UNICOMFACAUCA	2	1
3832	CORPORACION TECNOLOGICA SUPERIOR SIGLO XXI	3	1
3833	CORPORACIÓN TECNOLOGICO COPACABANA TECO	3	1
3834	CORPORACION TECNOLOGICA CATOLICA DE OCCIDENTE TECOC	3	1
3901	ESCUELA DE FORMACION DE INFANTERIA DE MARINA	3	0
3902	ESCUELA MILITAR DE SUBOFICIALES SARGENTO INOCENCIO CHINCA	3	0
4101	INSTITUTO DE EDUCACIÓN TÉCNICA PROFESIONAL DE ROLDANILLO	4	0
4102	INSTITUTO NACIONAL DE FORMACIÓN TÉCNICA PROFESIONAL DE SAN JUAN DEL CESAR	4	0
4106	INSTITUTO NACIONAL DE FORMACION TECNICA PROFESIONAL DE SAN ANDRÉS Y PROVIDENCIA INFOTEP	3	0
4107	UNIDAD TÉCNICA PARA EL DESARROLLO PROFESIONAL UADE	4	0
4108	ESCUELA TECNOLOGICA INSTITUTO TECNICO CENTRAL	2	0
4109	INSTITUTO TECNICO NACIONAL DE COMERCIO SIMÓN RODRIGUEZ INTENALCO	4	0
4110	INSTITUTO TOLIMENSE DE FORMACION TECNICA PROFESIONAL	4	0
4111	INSTITUTO NACIONAL DE FORMACIÓN TÉCNICA PROFESIONAL HUMBERTO VELASQUEZ GARCIA	4	0
4112	COLEGIO INTEGRADO NACIONAL ORIENTE DE CALDAS IES CINOC	4	0
4301	UNIDAD TECNICA PROFESIONAL DE SEVILLA UNITEPS	4	0
4701	FUNDACIÓN ACADEMIA DE DIBUJO PROFESIONAL	4	1
4702	FUNDACION DE EDUCACION SUPERIOR SAN JOSE FESSANJOSE	3	1
4704	FUNDACION PARA LA EDUCACIÓN SUPERIOR  DE COLOMBIA	4	1
4705	FUNDACIÓN DE EDUCACIÓN SUPERIOR UPARSISTEM	4	1
4708	FUNDACION ESCUELA COLOMBIANA DE HOTELERÍA Y TURISMO ECOTET	4	1
4709	INSTITUCIÓN UNIVERSITARIA EAM	2	1
4710	FUNDACIÓN POLITÉCNICO MINUTO DE DIOS TEC MD	4	1
4711	FUNDACION DE EDUCACION SUPERIOR ESATEC	4	1
4714	FUNDACION INTERAMERICANA TECNICA FIT	4	1
4716	FUNDACIÓN INSTITUTO DE CARRERAS TECNICAS PROFESIONALES FIDCI	4	1
4719	FUNDACION DE EDUCACION SUPERIOR NUEVA AMÉRICA	4	1
4721	FUNDACIÓN UNIVERSITARIA HORIZONTE	2	1
4725	FUNDACION DE EDUCACION SUPERIOR SIKUANI FESI	4	1
4726	FUNDACIÓN UNIVERSITARIA SAN MATEO SAN MATEO EDUCACION SUPERIOR	2	1
4727	POLITECNICO INTERNACIONAL INSTITUCION DE EDUCACION SUPERIOR	3	1
4801	CORPORACIÓN ACADEMIA SUPERIOR DE ARTES	3	1
4803	CORPORACION POLITECNICO COLOMBO ANDINO	4	1
4804	CORPORACION EDUCATIVA DEL ORIENTE	4	1
4805	CORPORACION EDUCATIVA INTERNACIONAL CEI	4	1
4806	CORPORACIÓN CENTRO DE ESTUDIOS ARTISTICOS Y TECNICOS CEART	4	1
4808	CORPORACION REGIONAL DE EDUCACIÓN SUPERIOR CRES DE CALI	4	1
4809	CORPORACION CENTRO TECNICO ARQUITECTONICO	4	1
4810	CORPORACION UNIVERSITARIA CENDA	2	1
4811	CORPORACIÓN UNIFICADA HISPANOAMERICANA DE EDUCACIÓN SUPERIOR	4	1
4812	CORPORACION DE EDUCACION SUPERIOR SURAMÉRICA	4	1
4813	CORPORACION UNIFICADA NACIONAL DE EDUCACIÓN SUPERIOR CUN	4	1
4814	CORPORACION DE EDUCACION SUPERIOR MIGUEL CAMACHO PEREA	4	1
4817	CORPORACIÓN DE EDUCACIÓN SUPERIOR DEL LITORAL	4	1
4818	CORPORACIÓN UNIVERSITARIA LATINOAMERICANA CUL	2	1
4822	CORPORACIÓN ESCUELA DE ARTES Y LETRAS	2	1
4825	CORPORACION INSTITUTO DE ADMINISTRACIÓN Y FINANZAS CIAF	4	1
4826	CORPORACIÓN UNIVERSITARIA REGIONAL DEL CARIBE IAFIC	2	1
4827	CORPORACION EDUCATIVA INSTITUTO TECNICO SUPERIOR DE ARTES, IDEARTES	4	1
4829	CORPORACIÓN INTERAMERICANA DE EDUCACION SUPERIOR CORPOCIDES	4	1
4832	CORPORACIÓN INSTITUTO SUPERIOR DE EDUCACION SOCIAL ISES	4	1
4835	CORPORACIÓN UNIVERSITARIA TALLER CINCO CENTRO DE DISEÑO	2	1
4837	CORPORACIÓN UNIVERSITARIA DE CIENCIAS EMPRESARIALES, EDUCACION Y SALUD UNICORSALUD	2	1
4838	CORPORACION BOLIVARIANA DE EDUCACION SUPERIOR CORBES	4	1
5801	CORPORACION ESCUELA TECNOLOGICA DEL ORIENTE	2	1
5802	UNIVERSIDAD ECCI	1	1
9101	ESCUELA DE INVESTIGACIÓN CRIMINAL	4	0
9102	ESCUELA DE SUBOFICIALES DE LA FUERZA AEREA COLOMBIANA ANDRES M. DIAZ	3	0
9103	ESCUELA MILITAR DE AVIACION MARCO FIDEL SUAREZ	2	0
9104	ESCUELA MILITAR DE CADETES GENERAL JOSE MARIA CORDOVA	2	0
9105	ESCUELA NAVAL DE CADETES ALMIRANTE PADILLA	1	0
9107	ESCUELA DE INGENIEROS MILITARES	2	0
9108	INSTITUTO CARO Y CUERVO	2	0
9109	INSTITUTO TECNOLOGICO DE ELECTRONICA Y COMUNICACIONES ITEC	3	0
9110	SERVICIO NACIONAL DE APRENDIZAJE SENA	3	0
9116	FUNDACIÓN UNIVERSITARIA CLARETIANA UNICLARETIANA	2	1
9117	ESCUELA INTERNACIONAL DE ESTUDIOS SUPERIORES INTER	4	1
9119	CORPORACIÓN UNIVERSITARIA AMERICANA	2	1
9120	FUNDACIÓN UNIVERSITARIA BELLAS ARTES	2	1
9121	FUNDACIÓN UNIVERSITARIA COLOMBO INTERNACIONAL UNICOLOMBO	2	1
9124	TECNOLÓGICO COREDI	3	1
9126	CORPORACION TECNOLOGICA INDOAMERICA	3	1
9127	CORPORACIÓN UNIVERSITARIA DE SABANETA UNISABANETA	2	1
9128	LCI FUNDACION TECNOLOGICA	3	1
9129	FUNDACIÓN UNIVERSITARIA CAFAM UNICAFAM	2	1
9130	INSTITUTO TECNOLÓGICO COMFAMILIAR DEL PUTUMAYO	3	1
9131	FUNDACIÓN UNIVERSITARIA CERVANTES SAN AGUSTÍN UNI CERVANTES	2	1
9132	FUNDACIÓN UNIVERSITARIA CIEO UNICIEO	2	1
9899	INSTITUCIÓN UNIVERSITARIA DE COLOMBIA UNIVERSITARIA DE COLOMBIA	2	1
9900	CORPORACIÓN UNIVERSITARIA U DE COLOMBIA	2	1
9901	INSTITUCION UNIVERSITARIA CENTRO DE ESTUDIOS SUPERIORES MARIA GORETTI	3	1
9902	FUNDACIÓN UNIVERSITARIA COMFENALCO SANTANDER	2	1
9903	CORPORACIÓN COLSUBSIDIO EDUCACIÓN TECNOLÓGICA CET	3	1
9904	FUNDACIÓN UNIVERSITARIA COLOMBO GERMANA	2	1
9905	FUNDACIÓN ESCUELA TECNOLÓGICA DE NEIVA JESUS OVIEDO PEREZ FET	2	1
9906	CORPORACIÓN UNIVERSITARIA PARA EL DESARROLLO EMPRESARIAL Y SOCIAL MISIÓN PAZ.	2	1
9907	FUNDACION UNIVERSITARIA NAVARRA UNINAVARRA	2	1
9910	FUNDACIÓN UNIVERSITARIA LUIS G. PAEZ DE PAEZ	2	1
9913	CORPORACIÓN UNIVERSITARIA DE ASTURIAS	2	1
9914	ESEI ESCUELA SUPERIOR DE EMPRESA, INGENIERÍA Y TECNOLOGÍA	2	1
9915	UNIVERSITARIA VIRTUAL INTERNACIONAL	2	1
9918	INSTITUCIÓN UNIVERSITARIA CONOCIMIENTO E INNOVACION PARA LA JUSTICIA CIJ	2	0
9919	TECNOLOGICO DE ENERGIA E INNOVACION E LERNOVA	3	1
9921	FUNDACION UNIVERSITARIA CATOLICA DEL SUR UNICATOLICA DEL SUR	2	1
9922	FUNDACIÓN UNIVERSITARIA COMFAMILIAR RISARALDA	2	1
9923	CORPORACIÓN UNIVERSITARIA DE CATALUÑA	2	1
9924	FUNDACIÓN UNIVERSITARIA INTERNACIONAL DE COLOMBIA UNINCCA	2	1
9925	FUNDACIÓN UNIVERSITARIA FCV	2	1
9926	FUNDACIÓN UNIVERSITARIA INTERNACIONAL DE LA RIOJA UNIR	2	1
9927	INSTITUCIÓN UNIVERSITARIA DIGITAL DE ANTIOQUIA IU. DIGITAL	2	0
9928	FUNDACIÓN UNIVERSITARIA SALESIANA	2	1
9929	UNIVERSIDAD AUTÓNOMA INDÍGENA INTERCULTURAL UAIIN	1	0
9930	INSTITUCIÓN UNIVERSITARIA COMANDO DE EDUCACIÓN Y DOCTRINA CEDOC DEL EJÉRCITO NACIONAL	2	0
9931	FUNDACIÓN UNIVERSITARIA PATRICIO SYMES	2	1
9932	FUNDACIÓN UNIVERSITARIA SAN PABLO UNIV SAN PABLO	2	1
9934	CENTRO DE ESTUDIOS AERONÁUTICOS CEA	2	0
9935	UNIDAD TECNOLÓGICA DEL MAGDALENA MEDIO UTEM	3	1
9936	CORPORACIÓN UNIVERSITARIA AUTÓNOMA DEL NORTE	2	1
9937	CORPORACION TECNICA PROFESIONAL CAMINOS DEL SUROCCIDENTE COLOMBIANO	4	1
9938	UNIVERSITARIA DEL CHICAMOCHA	2	1
9939	FUNDACIÓN UNIVERSITARIA CATÓLICA DEL CARIBE	2	1
9940	UNIVERSITARIA DE SANTA MARTA	2	0
9941	CORPORACIÓN INSTITUCIÓN UNIVERSITARIA SALUD COLOMBIA UNISALUD	2	1
9942	CORPORACIÓN INSTITUCIÓN UNIVERSITARIA SALUD COLOMBIA UNISALUD	2	1
9944	INSTITUCIÓN UNIVERSITARIA DE LAS CULTURAS Y LAS ARTES POPULARES IPC	2	0
9945	CORPORACIÓN UNIVERSITARIA DE BOGOTÁ UNIVERSITARIA DE BOGOTÁ	2	1
9946	INSTITUCIÓN UNIVERSITARIA PÚBLICA DE BELLO IUD BELLO	2	0
9947	FUNDACIÓN UNIVERSITARIA PARA LA INVESTIGACIÓN, EL DESARROLLO TECNOLÓGICO Y LA INNOVACIÓN IDITEK	2	1
\.

COPY public.departamentos (cod_depto, nomb_depto) FROM stdin;
91	Amazonas
5	Antioquia
81	Arauca
88	Archipielago de San Andres, Providencias y Santa Catalina
8	Atlantico
11	Bogota DC
13	Bolivar
15	Boyaca
17	Caldas
18	Caqueta
85	Casanare
19	Cauca
20	Cesar
27	Choco
23	Cordoba
25	Cundinamarca
94	Guainia
95	Guaviare
41	Huila
44	La Guajira
47	Magdalena
50	Meta
52	Narinio
54	Norte de Santander
86	Putumayo
63	Quindio
66	Risaralda
68	Santander
70	Sucre
73	Tolima
76	Valle del Cauca
97	Vaupes
99	Vichada
\.

COPY public.municipios (cod_munic, nomb_munic, cod_depto) FROM stdin;
20011	Aguachica	20
5034	Andes	5
5045	Apartado	5
81001	Arauca	81
63001	Armenia	63
68081	Barrancabermeja	68
8001	Barranquilla	8
5088	Bello	5
11001	Bogota, D.C.	11
68001	Bucaramanga	68
76109	Buenaventura	76
5129	Caldas	5
13001	Cartagena de Indias	13
76147	Cartago	76
5154	Caucasia	5
23162	Cerete	23
25175	Chía	25
15176	Chiquinquira	15
47189	Ciénaga	47
5212	Copacabana	5
25214	Cota	25
70605	Coveñas	70
15238	Duitama	15
5148	El Carmen de Viboral	5
5266	Envigado	5
73268	Espinal	73
25269	Facatativá	25
18001	Florencia	18
68276	Floridablanca	68
25290	Fusagasugá	25
25307	Girardot	25
76111	Guadalajara de Buga	76
73349	Honda	73
73001	Ibagué	73
20621	La Paz	20
91001	Leticia	91
25430	Madrid	25
68432	Málaga	68
17001	Manizales	17
5440	Marinilla	5
5001	Medellín	5
86001	Mocoa	86
23001	Montería	23
25473	Mosquera	25
41001	Neiva	41
25488	Nilo	25
76520	Palmira	76
54518	Pamplona	54
52001	Pasto	52
17541	Pensilvania	15
66001	Pereira	66
19001	Popayán	19
86568	Puerto Asis	86
5579	Puerto Berrío	5
8573	Puerto Colombia	8
19573	Puerto Tejada	19
27001	Quibdó	27
44001	Riohacha	44
5615	Rionegro	5
41615	Rivera	41
76622	Roldanillo	76
5631	Sabaneta	5
88001	San Andrés	88
52835	San Andres de Tumaco	52
68679	San Gil	68
54001	San Jose de Cucuta	54
44650	San Juan del Cesar	44
5705	Santa Fe de Antioquia	5
47001	Santa Marta	47
66682	Santa Rosa de Cabal	66
5686	Santa Rosa de Osos	5
76001	Santiago de Cali	76
76736	Sevilla	76
86749	Sibundoy	86
70001	Sincelejo	70
68755	Socorro	68
15759	Sogamoso	15
19807	Timbío	19
76834	Tuluá	76
15001	Tunja	15
5837	Turbo	5
20001	Valledupar	20
25843	Villa de San Diego de Ubate	25
50001	Villavicencio	50
85001	Yopal	85
76895	Zarzal	76
54498	OCAÑA	54
\.

COPY public.norma_creacion (cod_norma, nomb_norma) FROM stdin;
1	Acta
2	Acuerdo
3	Decreto
4	Decreto ley
5	Ley
6	Ordenanza
7	Resolución
\.

COPY public.acto_administrativo (cod_admin, nomb_admin) FROM stdin;
1	ARQUIDIOCESIS DE MANIZALES
2	ASAMBLEA
3	ASAMBLEA DEPARTAMENTAL DE ANTIOQUIA
4	ASAMBLEA DEPARTAMENTAL DE BOLÍVAR
5	ASAMBLEA DEPARTAMENTAL DE CALDAS
6	ASAMBLEA DEPARTAMENTAL DE CUNDINAMARCA
7	ASAMBLEA DEPARTAMENTAL DE SANTANDER
8	ASAMBLEA DEPARTAMENTAL DE SUCRE
9	ASAMBLEA DEPARTAMENTAL DEL ATLÁNTICO
10	ASAMBLEA DEPARTAMENTAL DEL MAGDALENA
11	ASAMBLEA DEPARTAMENTAL DEL TOLIMA
12	ASAMBLEA DEPARTAMENTAL DEL VALLE
13	COMANDO DEL EJÉRCITO NACIONAL
14	CONCEJO MUNICIPAL
15	CONCEJO MUNICIPAL DE ARMENIA
16	CONCEJO MUNICIPAL DE CALI
17	CONCEJO MUNICIPAL DE ENVIGADO
18	CONCEJO MUNICIPAL DE TULUÁ
19	CONGRESO DE COLOMBIA
20	CONGRESO DE LA REPUBLICA
21	CONSEJO DE FUNDADORES DE LA UNISANPABLO
22	CONSEJO DIRECTIVO
23	CONSEJO SUPERIOR UNIVERSITARIO
24	EL LIBERTADOR SIMÓN BOLÍVAR
25	GOBERNACIÓN DE NARIÑO
26	GOBERNACION DEL DEPARTAMENTO DE BOLIVAR
27	GOBERNACIÓN DEL NORTE DE SANTANDER
28	GOBERNACION DEPARTAMENTO DEL ATLANTICO
29	GOBIERNO DEPARTAMENTAL
30	GOBIERNO DEPARTAMENTAL DE ANTIOQUIA
31	GOBIERNO DEPARTAMENTAL DE LA GUAJIRA
32	GOBIERNO DEPARTAMENTAL DE SANTANDER
33	GOBIERNO DEPARTAMENTAL DEL QUINDIO.
34	GOBIERNO DEPARTAMENTAL DEL VALLE
35	GOBIERNO NACIONAL
36	HONORABLE CONSEJO SUPERIOR DE ENVIGADO
37	ICFES
38	MINISTERIO DE DEFENSA
39	MINISTERIO DE EDUCACION NACIONAL
40	MINISTERIO DE GOBIERNO
41	MINISTERIO DE JUSTICIA
42	PRESIDENCIA DE LA REPÚBLICA
43	TELECOM
\.

COPY public.seccional (cod_seccional, nomb_seccional) FROM stdin;
0	Principal
1	Seccional
\.

COPY public.naturaleza_juridica (cod_juridica, nomb_juridica) FROM stdin;
1	Corporación
2	Departamental
3	Fundación
4	Municipal
5	Nacional
\.

COPY public.estado (cod_estado, nomb_estado) FROM stdin;
1	Activa
0	Inactiva
\.

COPY public.inst_por_municipio (cod_inst, cod_munic, cod_ies_padre, direccion, telefono, norma, fecha_creacion, programas_vigente, programas_convenio, acreditada, fecha_acreditacion, resolucion_acreditacion, vigencia, nit, pagina_web, cod_norma, cod_admin, cod_seccional, cod_juridica, cod_estado) FROM stdin;
1101	11001	1101	Carrera 45 #26 85	3165000	66	29/12/1899	273	5	t	25/08/2021	66	10	899.999.063-3	www.unal.edu.co	5	20	0	5	1
1102	5001	1101	Calle 59A No 63 20 Nucleo El Volador	4309000	66	29/12/1899	124	\N	t	25/08/2021	66	10	899.999.063-3	www.medellin.unal.edu.co	5	20	1	5	1
1103	17001	1101	Carrera 27 No. 64 60	8879300	66	29/12/1899	64	\N	f	\N	66	\N	899.999.063-3	www.manizales.unal.edu.co	5	20	1	5	1
1104	76520	1101	Carrera 32 No 12 00 Chapinero Via Candelaria	2868888	66	29/12/1899	19	\N	f	\N	66	\N	899.999.063-3	www.palmira.unal.edu.co	5	20	1	5	1
1105	11001	1105	Calle 73 No.11 95	3471190	197	01/02/1955	39	1	t	12/08/2021	197	6	899.999.124-4	www.pedagogica.edu.co	3	35	0	5	1
1106	15001	1106	Avenida Central del Norte 39 115	7422175	2655	10/10/1953	151	\N	t	10/12/2021	2655	6	891800330-1	www.uptc.edu.co	3	35	0	5	1
1107	15238	1106	Carrera 18 Calle 23	604100	2655	19/03/2007	21	\N	t	12/08/2021	2655	6	891800330-1	www.uptc.edu.co	3	35	1	5	1
1108	15759	1106	Calle 4 Sur No. 15 134	701693	2655	10/10/1953	26	\N	t	12/08/2021	2655	6	891800330-1	www.uptc.edu.co	3	35	1	5	1
1109	15176	1106	Calle 14A No. 2 37	262598	2655	10/10/1953	6	\N	t	12/08/2021	2655	6	891800330-1	www.uptc.edu.co	3	35	1	5	1
1110	19001	1110	Claustro de Santo Domingo Calle 5 No. 4 70	8209900	0	29/12/1899	179	9	t	13/06/2019	\N	8	891.500.319-2	www.unicauca.edu.co	3	35	0	5	1
1111	66001	1111	Carrera 27 #10 02	3215693	41	15/12/1958	127	5	t	28/05/2021	41	10	891.480.035-9	www.utp.edu.co	5	20	0	5	1
1112	17001	1112	Calle 65 26 10	8861250	6	24/05/1943	134	4	t	24/10/2018	6	8	890801063	www.ucaldas.edu.co	6	5	0	5	1
1113	23001	1113	Carrera 6 No. 77 305	7860300	37	03/08/1966	65	6	t	11/01/2023	37	6	891.080.031-3	www.unicordoba.edu.co	5	19	0	5	1
1114	41001	1114	Avenida Pastrana Borrero Carrera 1	8754753	13	30/12/1982	92	11	t	11/01/2023	13	6	891.180.084-2	www.usco.edu.co	5	20	0	5	1
1115	18001	1115	Avenida Circunvalar Barrio Porvenir	4352905	60	30/12/1982	41	2	f	\N	60	\N	891.190.346-1	www.uniamazonia.edu.co	5	19	0	5	1
1117	11001	1117	Carrera 11 No. 101 80	2159689	84	23/01/1980	124	\N	t	06/07/2022	84	8	800225340	www.umng.edu.co	4	20	0	5	1
1118	27001	1118	Ciudadela Universitaria Barrio Nicolas Medrano	6710237	38	18/11/1968	35	2	f	\N	38	\N	891.680.089-4	www.utch.edu.co	5	19	0	5	1
1119	50001	1119	Kilometro 12 Via Puerto Lopez Vereda Barcelona	6616800	2513	25/11/1974	51	2	t	08/04/2022	2513	6	892.000.757-3	www.unillanos.edu.co	3	35	0	5	1
1120	20001	1120	Sede Balneario Hurtado	5843517	34	19/11/1976	50	16	f	\N	34	\N	892.300.285-6	www.unicesar.edu.co	5	19	0	5	1
1121	11001	1121	Clle 28 No. 6 02	2418800	48	17/12/1945	26	\N	t	11/01/2023	48	6	800.144.829-9	www.unicolmayor.edu.co	5	19	0	5	1
1122	76109	1122	Avenida Simon Bolivar 54A 10	2449675	65	14/12/1988	8	\N	f	\N	65	\N	835.000.300-4	www.unipacifico.edu.co	5	20	0	5	1
1123	20011	1120	Cra. 40 via al Mar	5654900	34	19/11/1976	9	\N	f	\N	34	\N	892.300.285-6	www.unicesar.edu.co	5	19	1	5	1
1124	81001	1101	Km 9 via a Canio Limon	8853004	66	31/12/1969	3	\N	t	05/08/2021	66	10	899.999.063-3	www.arauca.unal.edu.co	5	20	1	5	1
1125	91001	1101	km 2 Via Leticia Tarapaca	5927254	66	31/12/1969	4	\N	t	05/08/2021	66	10	899.999.063-3	www.imani.unal.edu.co	5	20	1	5	1
1126	88001	1101	Carretera Circunvalar San Luis	5133310	66	31/12/1969	3	\N	t	05/08/2021	66	10	899.999.063-3	www.caribe.unal.edu.co	5	20	1	5	1
1201	5001	1201	CLLE 67 No. 53 108	2128332	71	31/12/1969	330	24	t	14/07/2023	71	10	890.980.040-8	www.udea.edu.co	5	2	0	2	1
1202	8573	1202	CARRERA 30 No. 8 49	3162666	42	05/06/1946	109	9	t	22/04/2019	42	4	890.102.257-3	www.uniatlantico.edu.co	6	9	0	2	1
1203	76001	1203	Ciudad Universitaria Melendez Calle 13 100 00	3212100	12	11/06/1945	308	7	t	15/05/2024	12	10	8903990106	www.univalle.edu.co	6	12	0	2	1
1204	68001	1204	Ciudad Universitaria Carrera 27 Calle 9	6344000	83	22/06/1944	193	7	t	19/07/2022	83	10	890.201.213-4	www.uis.edu.co	6	7	0	2	1
1205	13001	1205	Centro Carrera 6 No. 36 100	6600676	0	29/12/1899	116	9	t	18/03/2024	0	6	890.480.123-5	www.unicartagena.edu.co	3	24	0	2	1
1206	52001	1206	Torobajo Carrera 22 No. 18 109	7244309	49	07/11/1904	115	14	t	11/01/2023	49	6	800118954	www.udenar.edu.co	3	25	0	2	1
1207	73001	1207	Barrio Santa Elena	2644219	5	21/05/1945	101	12	t	15/05/2024	5	6	890700640	www.ut.edu.co	6	11	0	2	1
1208	63001	1208	Carrera 15 Calle 12 Norte	7460103	23	14/10/1960	52	8	t	02/08/2022	23	6	890.000.432-8	www.uniquindio.edu.co	2	15	0	2	1
1209	54001	1209	Avenida Gran Colombia No. 12E 96	5753172	323	13/05/1970	47	2	t	02/08/2022	323	6	890500622	www.ufps.edu.co	3	32	0	2	1
1210	54498	1209	Via El Algodonal	5692199	323	13/05/1970	22	\N	f	\N	323	\N	800163130-0	www.ufpso.edu.co	3	29	1	2	1
1212	54518	1212	Ciudad Universitaria Km.1 via a Bucaramanga	6853003	1	23/11/1960	84	12	t	27/09/2021	1	4	890.501.510-4	www.unipamplona.edu.co	1	27	0	2	1
1213	47001	1213	Cll 29H3 N. 22 1	4381000	5	27/10/1958	96	9	t	04/06/2021	5	6	891.780.111-8	https://unimagdalena.edu.co	6	10	0	2	1
1214	25290	1214	Diagonal 18 No. 20 29	8281483	45	19/12/1969	40	\N	f	\N	45	\N	890680062	www.ucundinamarca.edu.co	6	6	0	2	1
1215	25307	1214	Calle 19 24 209	8335071	45	19/12/1969	5	\N	f	\N	45	\N	890680062	www.ucundinamarca.edu.co	6	6	1	2	1
1216	25843	1214	Calle 16 No. 9 80	8553055	45	19/12/1969	2	\N	f	\N	45	\N	890680062	www.ucundinamarca.edu.co	6	6	1	2	1
1217	70001	1217	Carrera 28 No. 5 267	2821240	1	24/11/1977	27	9	t	02/08/2022	1	6	892.200.323-9	www.unisucre.edu.co	6	8	0	2	1
1218	44001	1218	Kilometro 5 via a Maicao	7822729	523	12/11/1976	50	6	f	\N	523	\N	892.115.029-4	www.uniguajira.edu.co	3	31	0	2	1
1219	5148	1201	Km 6 Via Rionegro La Ceja El Tambo	5311177	\N	19/03/2007	2	\N	t	14/07/2023	\N	10	890.980.040-8	www.udea.edu.co	\N	\N	1	2	1
1220	5034	1201	Km. 4 Salida Medellin Vereda Campamento	8418052	\N	19/03/2007	1	1	t	14/07/2023	\N	10	890.980.040-8	www.udea.edu.co	\N	\N	1	2	1
1221	5154	1201	Liceo 4 Caucasi Carretera.TR Av. Pajonal	8395350	\N	19/03/2007	2	\N	t	14/07/2023	\N	10	890.980.040-8	www.udea.edu.co	\N	\N	1	2	1
1222	5579	1201	Salida Medellin Barrio Cacique	8333522	\N	19/03/2007	\N	\N	t	14/07/2023	\N	10	890.980.040-8	www.udea.edu.co	\N	\N	1	2	1
1223	5837	1201	Calle 104 entre Carreras 18 A 19 B.Jesus	8272588	\N	19/03/2007	2	\N	t	14/07/2023	\N	10	890.980.040-8	www.udea.edu.co	\N	\N	1	2	1
1301	11001	1301	Carrera 7 No. 40 53	3239300	135	15/12/1950	96	10	t	10/12/2021	135	8	899.999.230-7	www.udistrital.edu.co	7	41	0	4	1
1701	11001	1701	Carrera 7 40 62	3208130	73	12/12/1933	250	24	t	17/07/2020	73	10	860.013.720-1	www.javeriana.edu.co	\N	40	0	3	1
1702	76001	1701	Clle 18 No. 118 250 Av Caniasgordas	3218200	73	12/12/1933	92	1	t	17/07/2020	73	10	No disponible	www.puj.edu.co	7	40	1	3	1
1703	11001	1703	Carrera 13 No. 24 15	4442000	1891	19/06/1963	32	\N	f	\N	1891	\N	860.011.285-1	www.unincca.edu.co	7	41	0	3	1
1704	11001	1704	Sede Ppal Carrera 9 51 11	5878797	3645	06/08/1965	158	7	t	28/07/2022	3645	8	860.012.357-6	www.usta.edu.co	7	41	0	3	1
1705	68001	1704	Carrera 18 No. 9 27	6716482	3645	06/08/1965	68	1	t	28/07/2022	3645	8	860.012.357-6	www.ustabuca.edu.co	7	41	1	3	1
1706	11001	1706	Calle 12 No. 1 17 Este	3420288	92	09/03/1926	291	\N	t	15/04/2021	92	8	860.014.918-7	www.uexternado.edu.co	7	40	0	3	1
1707	11001	1707	Carrera 4 22 61	3341777	2613	14/08/1959	155	1	t	21/03/2018	2613	6	860.006.848-6	www.utadeo.edu.co	\N	41	0	3	1
1708	13001	1707	Zona Norte Anillo Vial kilometro 13	6600578	2613	14/08/1959	5	1	t	21/03/2021	2613	6	860.006.848-6	www.utadeo.edu.co	7	41	1	3	1
1709	11001	1709	Carrera 5 21 38	3239868	1876	05/06/1967	40	32	t	29/05/2023	1876	6	860.024.746-1	www.ucentral.edu.co	\N	41	0	3	1
1710	5001	1710	Campus de Laureles Circular 1a. No. 70 01	4488388	48	22/02/1937	219	3	t	24/10/2018	48	6	890.902.922-6	www.upb.edu.co	\N	40	0	3	1
1711	25175	1711	Campus Universitario Puente del Comun	8615555	130	14/01/1980	167	\N	t	31/03/2017	130	8	860.075.558-1	www.unisabana.edu.co	7	39	0	3	1
1712	5001	1712	Carrera 49 No.7 SUR 50	2619500	75	28/06/1960	129	3	t	13/02/2018	75	8	890901389	www.eafit.edu.co	\N	30	0	3	1
1713	8001	1713	Kilometro 5 Via Pto. Colombia	3509388	149	14/02/1966	179	1	t	31/05/2018	149	8	890.101.681-9	www.uninorte.edu.co	\N	28	0	3	1
1714	11001	1714	Calle 12c No. 6 25	2970200	58	31/12/1969	225	9	t	09/12/2019	58	8	860.007.759-3	www.urosario.edu.co	7	40	0	3	1
1715	11001	1715	Avenida Circunvalar No. 20 53	3376680	417	13/02/1958	34	\N	f	\N	417	\N	860.006.806-7	www.uamerica.edu.co	7	41	0	3	1
1716	76001	1718	Cra 122 # 6 65 via a Pance	3182200	1326	25/03/1975	89	12	t	12/08/2021	1326	6	890.307.400-1	www.usbcali.edu.co	7	39	1	3	1
1717	5001	1718	Carrera 56C 51 90 Barrio San Benito	4500323	1326	25/03/1975	50	\N	t	12/08/2021	1326	6	890.307.400-1	www.usb med.edu.co	7	39	1	3	1
1718	11001	1718	Carrera 8H #172 20	6671090	1326	25/03/1975	50	5	t	12/08/2021	1326	6	890.307.400-1	www.usbbog.edu.co	7	39	0	3	1
1719	11001	1719	Av Caracas No. 46 72	3277300	2271	07/07/1970	38	18	t	29/05/2023	2271	6	860.028.971-9	www.ucatolica.edu.co	7	41	0	3	1
1720	52001	1720	Calle 18 No. 34 104	7314923	230	03/02/1975	51	7	t	19/07/2022	230	4	800.092.198-5	www.umariana.edu.co	\N	25	0	3	1
1722	17001	1722	Carrera 9 No. 19 03 Campohermoso	8879680	314	21/01/1983	109	2	t	15/05/2019	314	6	890806001-7	www.umanizales.edu.co	7	39	0	3	1
1723	68001	1710	Autopista a Piedecuesta Km. 7	6796220	48	28/02/1937	37	1	t	24/10/2018	48	6	890.902.922-6	www.upb.edu.co	\N	40	1	3	1
1724	13001	1718	Calle Real Ternera Dig. 32 N. 30 , 966	6539599	1326	25/03/1975	40	9	t	12/08/2021	1326	6	890.307.400-1	www.usbctg.edu.co	7	39	1	3	1
1725	11001	1725	Calle 13 4 31	3343696	264	04/02/1972	24	1	f	\N	264	\N	860034667	www.fuac.edu.co	7	41	0	3	1
1726	5615	1726	Carrera 46 #40B 50 Sector 3	5699090	2650	24/02/1983	54	1	t	29/05/2023	2650	6	890.984.746-7	www.uco.edu.co	7	39	0	3	1
1727	23001	1710	Kilometro 8 Via a Cerete	7905088	48	28/03/1937	26	\N	t	24/10/2018	48	6	890.902.922-6	www.upbmonteria.edu.co	7	40	1	3	1
1728	11001	1728	Calle 74 No. 14 14	3177536	16377	29/10/1984	149	\N	t	05/04/2019	16377	6	860351894	www.usergioarboleda.edu.co	7	39	0	3	1
1729	11001	1729	Av. Cra 9 No. 131 A 02 Edificio Fundadores	6489000	11153	04/08/1978	147	\N	t	17/07/2020	11153	6	860.066.789-6	www.unbosque.edu.co	7	39	0	3	1
1730	76520	1710	Km 1 Via Tienda Nueva Edif. Seminario Cristo Sacerdote Piso 2	2759370	48	28/02/1937	5	1	t	24/10/2018	48	6	890.902.922-6	www.upb.edu.co	7	40	1	3	1
1731	25175	1719	Km. 21 Via Carrera 7 La Caro	6766071	2271	07/07/1970	\N	\N	f	\N	2271	\N	860028971	www.ucatolica.edu.co	7	41	1	3	1
1732	15001	1704	Calle 19 No. 11 64 Centro	7440404	3645	06/08/1965	55	\N	t	28/07/2022	3645	8	860.012.357-6	www.ustatunja.edu.co	7	41	1	3	1
1733	47001	1728	Calle 18 Carrera 15, Esquina	4203838	16377	29/10/1984	22	\N	t	05/04/2019	16377	6	860.351.894 -3	www.usergioarboleda.edu.co/santamarta	7	39	1	3	1
1734	15001	1734	Carrera 2a. Este No. 64 169	7450044	6553	25/05/1981	64	\N	t	19/07/2022	6553	4	891.801.101-6	www.uniboyaca.edu.co	7	39	0	3	1
1735	11001	1735	Avenida Circunvalar No. 60 00	5460600	11110	13/07/1983	79	\N	t	01/02/2024	11110	6	860.517.647-5	www.umb.edu.co	7	39	0	3	1
1801	11001	1801	Carrera 6 No. 12B 40	3276999	47	25/09/1953	49	1	f	\N	47	\N	860015685	www.ugc.edu.co	7	41	0	1	1
1802	63001	1801	Av. Bolivar, Carrera 14 No. 7 46	7460400	47	25/09/1953	30	1	f	\N	47	\N	860015685	www.ugcarmen.edu.co	7	41	1	1	1
1803	11001	1803	Cra.5 59A 44	3488000	597	12/02/1965	118	\N	t	22/03/2019	597	8	860.015.542-6	www.lasalle.edu.co	7	41	0	1	1
1804	8001	1804	Calle 90 46 112	3671000	303	03/04/1967	42	\N	f	\N	303	\N	8901025729	www.uac.edu.co	7	28	0	1	1
1805	76001	1805	Carrera 62 Calle 5 Campus Pampalinda	5183000	2800	02/09/1959	101	1	t	27/09/2021	2800	4	890.303.797-1	www.usc.edu.co	7	41	0	1	1
1806	11001	1806	Calle 8 No. 5 80	3821000	192	27/06/1946	73	\N	t	25/08/2021	192	6	860.013.798-5	www.unilibre.edu.co	7	40	0	1	1
1807	76001	1806	Diagonal 37A No. 3 29 Santa Isabel	5578128	192	27/06/1946	47	1	t	05/08/2021	192	6	860.013.798-5	www.unilibrecali.edu.co	7	40	1	1	1
1808	8001	1806	Km. 7 antigua via Puerto Colombia	3598915	192	27/06/1946	52	1	t	05/08/2021	192	6	860.013.798-5	www.unilibrebaq.edu.co	7	40	1	1	1
1809	66001	1806	Calle 40 # 7 30	3366019	192	27/06/1946	41	1	t	25/08/2021	192	6	860.013.798-5	www.unilibrepereira.edu.co	7	40	1	1	1
1810	54001	1806	Av. Canal Bogota Margen Izquierdo Interseccion Benjamin Herrera	5790896	192	27/06/1946	36	1	t	25/08/2021	192	6	860.013.798-5	www.unilibrecucuta.edu.co	7	40	1	1	1
1811	68755	1806	Campus Universitario Majavita	7296945	192	27/06/1946	15	\N	t	25/08/2021	192	6	860.013.798-5	www.unilibresoc.edu.co	7	40	1	1	1
1812	5001	1812	Carrera 87 No. 30 65 Los Alpes	3405555	103	31/07/1950	166	3	t	30/04/2021	103	6	890.902.920-1	www.udem.edu.co	7	41	0	1	1
1813	11001	1813	Carrera 1 No. 18A 70	3394949	28	23/02/1949	211	24	t	09/01/2015	28	10	860.007.386-1	www.uniandes.edu.co	7	41	0	1	1
1814	5001	1814	Carrera 55A 49 51	5112199	203	30/10/1968	33	\N	t	16/05/2022	203	4	890905456-9	www.unaula.edu.co	7	30	0	1	1
1815	11001	1815	Carrera 9 45A 44	3322900	3681	27/11/1962	69	\N	t	27/09/2021	3681	4	860.022.382-3	www.unipiloto.edu.co	7	41	0	1	1
1816	5001	1818	Calle 50 41 70	2391100	\N	19/03/2007	48	\N	t	29/05/2023	\N	6	860.029.924-7	www.ucc.edu.co	\N	\N	1	1	1
1817	68001	1818	Calle 30A 33 51	343825	\N	19/03/2007	29	\N	t	09/05/2023	\N	6	860.029.924-7	www.ucc.edu.co	\N	\N	1	1	1
1818	11001	1818	Av. Caracas No. 44 21	3323565	\N	19/03/2007	186	1	t	09/05/2023	\N	6	860.029.924-7	www.ucc.edu.co	\N	\N	0	1	1
1819	68081	1818	Calle 57 entre carrerras 24 y 27 Barrio G	213277	\N	19/03/2007	9	\N	f	\N	\N	\N	860.029.924-7	ucc.edu.co	\N	\N	1	1	1
1820	47001	1818	Troncal del Caribe Sector Mamatoco	4331715	\N	19/03/2007	20	\N	f	\N	\N	\N	860.029.924-7	www.ucc.edu.co	\N	\N	1	1	1
1822	25307	1815	Cra. 19 17 33 Barrio Las Quintas	8332845	3681	27/11/1962	10	\N	f	\N	3681	\N	860.022.382-3	www.unipiloto.edu.co	7	41	1	1	1
1823	68001	1823	Calle 48 39 234	6436111	3284	21/12/1956	111	6	t	31/07/2023	3284	6	890.200.499-9	www.unab.edu.co	7	41	0	1	1
1824	8001	1824	Calle 76 No. 42 78	3587889	1052	25/05/1974	23	\N	f	\N	1052	\N	890.105.361-5	www.unimetro.edu.co	7	39	0	1	1
1825	17001	1825	Antigua Estacion del Ferocarril	8727272	1549	25/02/1981	73	8	t	06/09/2019	1549	6	890.805.051-0	www.autonoma.edu.co	7	39	0	1	1
1826	11001	1826	Carrera 38 58 A 77	3152973	4571	24/05/1977	148	1	t	11/01/2024	4571	6	860.056.070-7	www.uan.edu.co	7	39	0	1	1
1827	17001	1827	Carrera 23 60 63	8933050	271	19/06/1962	41	2	t	11/01/2024	271	6	890806477-9	www.ucm.edu.co	3	1	0	1	1
1828	76001	1828	Calle 18 No.122 135 (Pance)	5552369	11677	12/07/1979	151	2	t	10/12/2021	11677	8	890.316.745-5	www.icesi.edu.co	7	39	0	1	1
1829	76520	1805	Carrera 30 Calle 38 Esquina	2712617	2800	02/09/1959	12	\N	f	\N	2800	\N	8903037971	www.usc.edu.co/palmira	7	41	1	1	1
1830	76001	1830	Calle 25 115 85 Km. 2 Via Jamundi	3188000	618	20/02/1970	161	2	t	30/11/2021	618	4	890.305.881-1	www.uao.edu.co	7	34	0	1	1
1831	73001	1831	Barrio Ambala, Carrera 22 Calle 67	2760010	1867	27/02/1981	41	5	t	15/05/2024	1867	6	890.704.382-1	www.unibague.edu.co	7	39	0	1	1
1832	13001	1832	Campus de Ternera, Via a Turbaco Km. 1	6535200	961	26/10/1970	87	4	t	29/05/2023	961	6	890401962	www.unitecnologica.edu.co	7	26	0	1	1
1833	23001	1833	Carrera 1W Calle 38 Barrio Juan XXIII	7840340	12154	27/10/1977	60	1	t	29/05/2023	12154	6	891.000.692-1	www.unisinu.edu.co	7	39	0	1	1
1834	13001	1833	Calle 30 No. 20 71	6562403	12154	27/10/1977	55	\N	f	\N	12154	\N	891.000.692-1	www.unisinucartagena.edu.co	7	39	1	1	1
1835	11001	1835	Calle 222 54 37	6684700	7392	20/05/1983	51	\N	t	15/05/2024	7392	6	860.403.721.2	www.udca.edu.co	7	39	0	1	1
2102	11001	2102	Calle 14 No 14 23 Sur	3443700	52	07/07/1981	106	7	t	29/12/2021	52	4	860.512.780-4	www.unad.edu.co	5	19	0	5	1
2104	11001	2104	Calle 44 # 53 37 CAN	2202790	19	18/12/1959	17	\N	f	\N	19	\N	899.999.054-7	www.esap.edu.co	5	20	0	5	1
2106	11001	2106	Transversal 33 47A 35 Sur Barrio Fatima	3159136	14	08/09/1919	58	10	t	01/03/2022	14	4	900373379-0	www.policia.edu.co	5	19	0	5	1
2110	5001	2110	Calle 65 77 126 Robledo	4225252	48	17/12/1945	37	4	t	17/07/2020	48	6	890.980.134-1	www.colmayor.edu.co	5	19	0	4	1
2111	5001	2104	Calle 56 (Bolivia) 45 34	2543780	19	18/12/1958	\N	\N	f	\N	19	\N	899.999.054-7	www.esap.edu.co	5	20	1	5	1
2114	76001	2114	Calle 9 34 01	566411	3115	21/12/1984	14	\N	f	\N	3115	\N	805001868	www.endeporte.edu.co	3	35	0	4	1
2206	76001	2206	Avenida 2a. Norte 7N 28	4883030	8	16/09/1936	4	1	f	\N	8	\N	890.325.989-3	www.bellasartes.edu.co	6	12	0	2	1
2207	68081	2207	Centro de Investigaciones Santa Lucia Km. 14 via Bucaramanga,	6025185	331	19/11/1987	33	2	f	\N	331	\N	800.024.581-3	www.unipaz.edu.co	\N	32	0	2	1
2208	73001	2208	Calle 9 1 18	2613118	42	10/12/1980	5	\N	t	02/08/2022	42	4	890.700.906-0	www.conservatoriodeltolima.edu.co	6	11	0	2	1
2209	5001	2209	Carrera 48 7 151	3105133	33	27/01/1964	61	3	t	02/08/2022	33	4	890.980.136-6	www.politecnicojic.edu.co	3	30	0	2	1
2211	13001	2211	Carrera 9 No.39 12	6600391	35	03/12/1990	6	1	f	\N	35	\N	890.480.308-0	www.unibac.edu.co	6	4	0	2	1
2301	76834	2301	Carrera 27 A No.48 144 Km.1 salida Sur Tulua	2242200	24	30/06/1971	26	1	f	\N	24	\N	891.900.853-0	www.uceva.edu.co	2	18	0	4	1
2302	5266	2302	Cra. 27B N 39 A sur 57	3391010	44	19/03/2007	38	3	t	29/06/2022	44	4	811.000.278-2	www.iue.edu.co	2	17	0	4	1
2701	11001	2701	Carrera 9 13 40 Piso 4	6683535	1384	01/04/1975	23	1	f	\N	1384	\N	No disponible	www.odontologico.edu.co	7	39	0	3	1
2702	11001	2702	Carrera 19 8A 32	4375401	10917	29/08/1975	83	2	t	21/01/2024	10917	6	860051853-4	www.fucsalud.edu.co	7	39	0	3	1
2704	11001	2704	Calle 35 No. 6 16	3395300	5157	29/03/1974	13	\N	t	20/02/2024	5157	8	860045740	www.cesa.edu.co	7	39	0	3	1
2707	11001	2707	Carrera 111 No. 159 A 61 (Av. Corpas Km. 3 Suba)	6813085	2105	04/08/1978	15	\N	t	27/09/2021	2105	6	860.038.374-4	www.juancorpas.edu.co	7	39	0	3	1
2708	5001	2708	Calle 10A 22 04	4440555	11154	18/08/1981	133	6	t	09/12/2019	11154	6	890.984.002-6	www.ces.edu.co	7	39	0	3	1
2709	11001	2709	Carrera 18 No. 80 45	5301001	12387	03/02/1983	23	2	f	\N	12387	\N	860.503.634-9	www.sanmartin.edu.co	7	39	0	3	1
2710	11001	2710	Calle 72 11 41	2494959	1381	01/12/1976	19	\N	f	\N	1381	\N	860.513.077-9	www.unimonserrate.edu.co	7	39	0	3	1
2711	66001	2711	Avenida de las Americas Cra. 21 49 95	3124000	10918	04/11/1981	34	3	f	\N	10918	\N	891.408.261-1	www.ucp.edu.co	7	39	0	3	1
2712	11001	2712	Carrera 9 Bis 62 43	3472311	18537	04/11/1981	20	6	t	08/04/2022	18537	6	860.504.759-5	www.konradlorenz.edu.co	7	39	0	3	1
2713	11001	2713	Carrera 16 63A 68	2544750	7542	18/05/1982	60	\N	t	05/08/2022	7542	4	860507903-3	https://www.ulibertadores.edu.co	7	39	0	3	1
2715	19001	2715	Los Robles Km.. 8 Via al Sur	8238025	10161	26/06/1983	31	\N	f	\N	10161	\N	891.501.835-6	www.fup.edu.co	7	39	0	3	1
2716	11001	2716	Calle 10 8 95	2825336	9419	16/06/1983	\N	\N	f	\N	9419	\N	899999326-5	No disponible	7	39	0	3	0
2717	68432	2717	Ciudad Universitaria Malaga	607353	11815	07/08/1982	\N	\N	f	\N	11815	\N	No disponible	No disponible	7	39	0	3	0
2719	5001	2719	Transversal 51A 67B 90	4487666	17701	09/11/1984	90	16	f	\N	17701	\N	890.985.189-9	www.ucatolicaluisamigo.edu.co	7	39	0	3	1
2720	15001	2720	Carrera 11 11 16	7470333	2085	24/03/1987	41	\N	f	\N	2085	\N	800057330 -3	www.jdc.edu.co	7	39	0	3	1
2721	5001	2721	Calle 56 41 90	4025500	17996	17/11/1987	37	2	f	\N	17996	\N	800.036.781-1	www.fumc.edu.co	7	39	0	3	1
2722	19573	2722	Vereda Periconegro	\N	9111	11/07/1988	\N	\N	f	\N	9111	\N	800053190-0	www.cubr.edu.co	7	39	0	3	1
2723	11001	2723	Calle 170 No. 54 A 10	6671515	2599	11/03/1986	22	19	f	\N	2599	\N	860531081-5	www.uniagraria.edu.co	7	39	0	3	1
2724	68679	2724	Km. 2 via San Gil Charal	7245757	10989	18/10/1991	39	10	f	\N	10989	\N	800.152.840-4	www.unisangil.edu.co	7	39	0	3	1
2725	11001	2725	Calle 57 3 00 Este	7455555	19349	04/11/1980	115	1	f	\N	19349	\N	860.078.643-1	www.poli.edu.co	7	39	0	3	1
2727	5631	2727	Calle 77 sur No. 40 165	3056100	6266	04/05/1983	45	\N	t	21/01/2022	6266	4	890910961-7	www.ceipa.edu.co	7	39	0	3	1
2728	11001	2728	Clle 71 No. 13 21	3458443	22215	09/12/1983	92	\N	t	27/07/2021	22215	4	860.517.302-1	https://www.areandina.edu.co/	7	39	0	3	1
2730	11001	2730	Avenida Cra. 15 151 68	6270649	5090	03/11/1995	11	\N	f	\N	5090	\N	830.011.184-5	www.ecr.edu.co	7	39	0	3	1
2731	76001	2731	Carrera 122 12 459 Pance	5552767	944	19/03/1996	28	2	f	\N	944	\N	800.185.664-6	www.unicatolica.edu.co	7	39	0	3	1
2732	5686	2732	Carrera 21 34B 07	8609822	1671	27/05/1997	33	8	f	\N	1671	\N	811.010.001-2	www.ucn.edu.co	7	39	0	3	1
2733	11001	2733	Calle 37 22 47	2445053	3296	07/12/2000	8	3	f	\N	3296	\N	830.081.981 -8	www.fusa.edu.co	7	39	0	3	1
2736	5001	2736	Calle 76 No. 87 14	2640303	3298	0200/12/07	3	\N	f	\N	3298	\N	811026923	www.unisbc.edu.co	7	39	0	3	1
2737	66001	2728	Calle 24 No.8 55	3339560	22215	09/12/1983	28	\N	t	27/07/2021	22215	4	860.517.302-1	https://www.areandina.edu.co/	7	39	1	3	1
2738	11001	2738	Carrera 33 A No.30 20	5082244	598	02/04/2001	21	\N	f	\N	598	\N	830.084.876.6	www.uniempresarial.edu.co	7	39	0	3	1
2739	5045	2739	Carrera 111 101 64 Barrio Los Pinos	8286999	596	02/04/2001	7	1	f	\N	596	\N	811028521-1	www.fesu.edu.co	7	39	0	3	1
2740	11001	2740	Avenida 19 2 49 Piso 2	2811777	849	08/05/2001	4	\N	f	\N	849	\N	830088283	www.unica.edu.co	7	39	0	3	1
2741	73268	2741	Carrera 7 10 37	2485862	1495	23/07/2001	12	\N	f	\N	1495	\N	809008799-7	www.fundes.edu.co	7	39	0	3	1
2743	85001	2743	Carrera 19 39 40	6320700	1311	11/06/2002	29	\N	f	\N	1311	\N	844.002.071 -4	www.unitropico.edu.co	7	39	0	2	1
2744	52001	2744	Carrera 20A 14 54	7206859	10735	26/06/1982	20	1	f	\N	10735	\N	800109387-7	www.iucesmag.edu.co	7	39	0	3	1
2745	11001	2745	Av. 32 17 30	3380606	23635	23/12/1981	109	\N	f	\N	23635	\N	860.506.140-6	www.unipanamericana.edu.co	7	39	0	3	1
2746	11001	2746	Calle 170 # 08 41	5895377	3015	23/12/2002	36	\N	f	\N	3015	\N	830.113.458 - 6	www.unisanitas.edu.co	7	39	0	3	1
2747	5001	2747	Circular 73 35 04	4114848	12998	12/08/1985	35	1	f	\N	12998	\N	890.985.417-3	www.uam.edu.co	7	39	0	3	1
2748	76001	2748	Carrera 56 (Av. Guadalupe) 1B 112	5132320	1427	24/06/2003	4	\N	f	\N	1427	\N	805.027.579-1	www.funibautista.edu.co	7	39	0	3	1
2749	5001	2749	Carrera 70 52 49 Barrio Los Colores	4600700	1104	17/04/1997	32	\N	f	\N	1104	\N	811028188-1	www.iush.edu.co	7	39	0	3	1
2805	8001	2805	Carrera 59 No.59 92	3441265	1318	15/11/1972	133	2	t	25/08/2021	1318	8	890.104.633-9	www.unisimonbolivar.edu.co	7	28	0	1	1
2810	8001	2810	Calle 58 55 66	3440983	352	23/04/1971	121	1	t	29/05/2023	352	6	890.104.530-9	www.cuc.edu.co	7	28	0	1	1
2811	11001	2811	AK 45 205 59 (Autopista Norte Km.13)	6683600	86	19/01/1973	42	3	t	18/03/2019	86	6	860034811	www.escuelaing.edu.co	7	41	0	1	1
2812	11001	2812	Carrera 11 No 78 47	5936160	2898	16/05/1969	141	1	t	10/12/2021	2898	6	860026058	www.ean.edu.co	7	41	0	1	1
2813	5266	2813	Calle 23 AA Sur Nro. 5 200 variante aeropuerto Jose Maria Cordova	3549090	20120	12/11/1979	33	3	t	15/05/2024	20120	8	890.983.722-6	www.eia.edu.co	7	39	0	1	1
2815	5001	2815	Cra 84 No. 33 AA 01	2508328	8529	06/06/1983	23	\N	f	\N	8529	\N	No disponible	www.unac.edu.co	7	39	0	1	1
2818	66682	2818	Cra. 14 27 80 Santa Rosa de Cabal	643000	6387	03/05/1982	21	\N	f	\N	6387	\N	891.409.768-8	www.unisarc.edu.co	7	39	0	1	1
2820	5129	2820	Carrera 51 118 Sur 57	3000200	9887	22/06/1983	29	1	t	20/05/2024	9887	6	890.984.812-5	www.lasallista.edu.co	7	39	0	1	1
2822	11001	2822	Avenida Calle 100 18A 51 Oficina 306	6449552	1590	25/02/1977	1	\N	f	\N	1590	\N	860.054.986-9	www.institutobarraquer.com	7	39	0	1	1
2823	70001	2823	Carretera Troncal Occidente Via Corozal	2804011	7786	05/06/1978	42	2	f	\N	7786	\N	892.201.263-1	www.cecar.edu.co	7	39	0	1	1
2824	11001	2824	Calle 69 No. 10A 36	6061102	22185	18/12/1984	1	\N	f	\N	22185	\N	860524958	www.ideas.edu.co	7	39	0	1	1
2825	13001	2825	Edificio Rafael Nuniez Centro Calle de la Soledad No. 5 70	6607777	6644	05/06/1985	22	5	f	\N	6644	\N	890.481.276-8	www.curn.edu.co	7	39	0	1	1
2827	50001	2827	Carrera 33 No. 34 06 Edificio Heroes del Pantano de Vargas	6681525	12249	05/08/1985	28	\N	f	\N	12249	\N	892.099.267-1	www.unimeta.edu.co	7	39	0	1	1
2828	41001	2828	Calle 21 6 01	8754220	21000	22/12/1989	18	1	f	\N	21000	\N	800.107.584-2	www.corhuila.edu.co	7	39	0	1	1
2829	11001	2829	Calle 81 B No. 72 B 70	2916520	10345	01/08/1990	283	1	t	19/02/2024	10345	6	800.116.217-2	www.uniminuto.edu	7	39	0	1	1
2830	11001	2830	Calle 67 5 27	3489292	428	28/01/1982	57	19	f	\N	428	\N	860.503.837-7	https://www.ibero.edu.co/	7	39	0	1	1
2831	11001	2831	Calle 74 15 73	3220055	20	05/01/1996	18	\N	f	\N	20	\N	830018780-7	www.uniciencia.edu.co	7	39	0	1	1
2832	68001	2832	Calle 70 No. 55 210 Lagos del Cacique	6516500	810	12/03/1996	119	12	t	10/12/2021	810	6	804001890-1	www.udes.edu.co	7	39	0	1	1
2833	5001	2833	Calle 51 51 27 Edificio Coltabaco Torre 1	5111000	2661	21/06/1996	105	\N	f	\N	2661	\N	811005425-1	www.remington.edu.co	7	39	0	1	1
2834	11001	2834	Av Ciudad de Cali No 11B 95	4193200	6651	26/12/1996	32	1	f	\N	6651	\N	No disponible	www.uniagustiniana.edu.co	7	39	0	1	1
2835	88001	2835	Km. 14 2 29 South End	5130355	6278	19/03/2007	\N	\N	f	\N	6278	\N	No disponible	No disponible	7	39	0	1	0
2836	8001	2836	Carrera 50 79 155	4242226	3062	02/12/1999	9	\N	f	\N	3062	\N	819003405	www.cunivemsa.edu.co	7	39	0	1	1
2837	11001	2837	Carrera 7 19 38	2862384	3061	02/12/1996	28	\N	f	\N	3061	\N	830.065.186-1	www.urepublicana.edu.co	7	39	0	1	1
2838	5001	2838	Km 7. Via Las Palmas	3547120	1989	11/07/2000	10	\N	f	\N	1989	\N	811024158	www.colegiatura.edu.co	7	39	0	1	1
2840	63001	2840	Avenida Bolivar #1 189	7450025	439	14/03/2001	11	9	f	\N	439	\N	No disponible	www.uempresarial@cue.edu.co	7	39	0	1	1
2841	5088	2829	Carrera 45 22 D 25	4623131	1634	17/07/2002	32	\N	f	\N	1634	\N	800.116.217 - 2	www.uniminuto.edu	7	39	1	1	1
2842	8001	2842	Carrera 38 74 179	3680130	1021	14/05/2002	22	\N	f	\N	1021	\N	802017254-8	www.unireformada.edu.co	7	39	0	1	1
2847	68001	2847	Calle 9 23 55	6352525	22195	20/12/1985	54	\N	f	\N	22195	\N	890.212.433-5	www.udi.edu.co	7	39	0	1	1
2848	11001	2848	Calle 76 12 58	5939393	2012	02/03/1982	41	\N	f	\N	2012	\N	860.510.627-6	www.unitec.edu.co	7	39	0	1	1
2849	19001	2849	Calle 5 3 85	8213000	13002	30/08/1984	25	\N	f	\N	13002	\N	891.501.766-6	www.uniautonoma.edu.co	7	39	0	1	1
2850	70001	2850	Carrera 21 25 59 La Maria	2812282	2302	26/09/2003	42	\N	f	\N	2302	\N	823.004.609 D.V.9	www.corposucre.edu.co	7	39	0	1	1
2901	11001	2901	Carrera 8a No. 101 33	6017515	20	02/11/1964	8	\N	f	\N	20	\N	800131292	www.esici.edu.co	\N	38	0	5	1
2902	11001	2902	Calle 11 Sur 10 50 Este San Cristobal	3370207	15	28/12/1995	3	\N	f	\N	15	\N	800131180	No disponible	\N	38	0	5	1
2903	25269	2903	Calle 5 No. 15 00	8422020	30	28/12/1992	\N	\N	f	\N	30	\N	800131179	www.escom.mil.co	5	19	0	5	0
2904	11001	2904	Carrera 11 102 50	6204066	453	01/05/1909	6	\N	f	\N	453	\N	830002634-1	www.esdegue.mil.co	3	42	0	5	1
2905	11001	2905	Calle 102 7 80	6208549	10	23/11/1999	10	1	f	\N	10	\N	830028487	www.cemil.mil.co	\N	13	0	5	1
2906	11001	2906	Carrera 11 102 50 Edificio ESDEGUE Of.412	6204066	1906	05/08/2002	2	\N	f	\N	1906	\N	830.030.378 - 8	www.epfac.edu.co	7	39	0	5	1
3102	54518	3102	Calle 8 No.8 155	682597	2365	18/09/1956	14	\N	f	\N	2365	\N	890501578	www.iser.edu.co	3	35	0	2	1
3103	13001	3103	Calle de la Factoria carrera 3 #36 95	6644060	48	17/12/1945	30	\N	f	\N	48	\N	890.480.054-5	www.colmayorbolivar.edu.co	5	19	0	4	1
3104	19001	3104	Cra.5#5 40	8241109	524	15/12/1966	17	\N	f	\N	524	\N	891500759-1	www.colmayorcauca.edu.co	\N	39	0	2	1
3107	5001	3107	Calle 73 No. 73A 226	4480520	108	18/01/1950	46	\N	t	29/06/2022	108	6	890980153	www.pascualbravo.edu.co	3	35	0	5	1
3114	8001	3114	Via 40 Calle 58	3444410	743	14/02/1992	24	\N	t	11/03/2022	743	4	No disponible	www.armada.mil.co	\N	38	0	5	1
3115	86001	3115	Barrio la Esmeralda aire libre	4296105	65	11/12/1989	26	\N	f	\N	65	\N	800.247.940-1	www.itp.edu.co	5	20	0	2	1
3116	86749	3115	Via Canal C Granja Versalles	4296105	65	11/12/1989	\N	\N	f	\N	65	\N	800.247.940-1	www.itp.edu.co	5	20	1	2	1
3117	8001	3117	Cra 45 N.48 31 Barrio El Carmen Barranquilla	3112370	391	23/07/1997	39	\N	t	24/02/2024	391	6	802011065	www.itsa.edu.co	5	20	0	4	1
3201	68001	3201	Calle de los Estudiantes No.9 82	6413000	90	23/12/1963	59	\N	f	\N	90	\N	890208727	www.uts.edu.co	6	7	0	2	1
3204	5001	3204	Calle 78B 72A 220	4443700	262	28/02/1979	44	2	t	17/07/2020	262	8	890905419-6	www.tdea.edu.co	3	30	0	2	1
3301	76001	3301	Av. 6 28N 102 Barrio San Vicente	6882828	29	21/12/1993	43	\N	f	\N	29	\N	805.000.889-0	www.uniaj.edu.co	2	16	0	4	1
3302	5001	3302	Calle 73 NO. 76A 354 Via al Volador	4405100	42	18/09/1991	62	\N	t	24/07/2020	42	8	800214750-7	www.itm.edu.co	2	14	0	4	1
3303	5266	3303	Calle 38 Sur 44 120 Barrio Alcala	3330381	38	25/09/2003	15	\N	f	\N	38	\N	811.042.967-9	www.ladebora.edu.co	2	36	0	4	1
3702	11001	3702	Carrera 14 80 35	6913862	6845	27/08/1976	11	\N	f	\N	6845	\N	No disponible	www.faba.edu.co	7	39	0	3	1
3703	5001	3703	Calle 50 40 39	2161700	126	16/09/1970	19	2	f	\N	126	\N	No disponible	www.escolme.edu.co	7	30	0	3	1
3705	13001	3705	Carrera 44 D 30 A 91	6723700	9299	13/07/1984	49	4	f	\N	9299	\N	890.481.183-1	www.tecnologicocomfenalco.edu.co	7	39	0	3	1
3706	76001	3706	Calle 9B 29A 67 Champagiat	6842424	11967	21/08/1984	15	\N	f	\N	11967	\N	No disponible	www.cecep.edu.co	7	39	0	3	1
3710	13001	3710	Calle del Cuartel 36 54	6600671	322	23/01/1985	100	2	t	10/12/2019	322	4	890481264	www.tecnar.edu.co	7	39	0	3	1
3712	11001	3712	Calle 61 11 09	3472927	4124	24/04/1984	19	\N	f	\N	4124	\N	86040457	www.cidca.edu.co.	7	39	0	3	1
3713	11001	3713	Avenida 39 15 58	3323500	16971	09/10/1981	25	\N	f	\N	16971	\N	860504360	www.uninpahu.edu.co	7	39	0	3	1
3715	76001	3715	Carrera 1 #46c esquina Barrio Popular	4850546	10436	10/04/1991	13	\N	f	\N	10436	\N	800.147.711-2	www.utap.edu.co	7	39	0	3	1
3716	68001	3716	Calle 58 32 16 Barrio Conucos	6431301	5	03/01/1992	18	\N	f	\N	5	\N	800.189.702-6	www.fitec.edu.co	7	39	0	3	1
3718	54001	3718	Avenida 5#15 27 CENTRO	5829292	4172	25/08/1993	43	\N	f	\N	4172	\N	800.235.151-5	www.fesc.edu.co	7	39	0	3	1
3719	11001	3719	Calle 46 No. 3 05	5737488	8530	06/06/1983	9	\N	f	\N	8530	\N	860516428-4	www.unilatina.edu.co	7	39	0	3	1
3720	5001	3720	Calle 76 80 126 Carretera al Mar	2646011	2389	12/05/1975	31	\N	f	\N	2389	\N	890981796-1	www.esumer.edu.co	7	39	0	3	1
3723	11001	3723	Cra. 27 # 46 69	3408279	1832	27/08/2001	\N	\N	f	\N	1832	\N	830.091.538-0	www.eurocol.edu.co	7	39	0	3	0
3724	11001	3724	Carrera 16 #79 81 Edificio Eastern Tower	5088508	1833	27/08/2001	\N	\N	f	\N	1833	\N	832.005.942-4	www.universae.co	7	39	0	3	1
3725	11001	3725	Calle 73 # 20B 15 barrio San Felipe Bogota.	5972742	1327	20/04/2005	10	\N	f	\N	1327	\N	900019885-1	www.tecnologicafusfa.edu.co	7	39	0	3	1
3801	76147	3801	Calle 10 3 95	2111804	3712	21/09/1971	15	1	f	\N	3712	\N	891.401.313-4	www.cotecnova.edu.co	7	34	0	1	1
3802	5001	3802	Calle 48 No. 77 C32	4440510	12571	20/12/1976	\N	\N	f	\N	12571	\N	890.982.606-5	www.tecnologicosuperior.edu.co	7	39	0	1	1
3803	76001	3803	Calle 14 Norte 8 35 Barrio Granada	6601011	7464	12/06/1978	15	\N	f	\N	7464	\N	890310903	www.unicuces.edu.co	7	39	0	1	1
3805	76001	3805	Calle 19 Norte 5AN 37 Barrio Versalles	4893450	9872	13/09/1977	\N	\N	f	\N	9872	\N	890.317.735-6	www.idee.edu.co	7	39	0	1	0
3806	76001	3806	Avenida 6N No. 23DN 16 Barrio Versalles	6679911	4158	09/07/1975	5	\N	f	\N	4158	\N	890309555-3	www.eae.edu.co	7	39	0	1	1
3807	5001	3807	Carrera 80B No. 32EE 61	4445016	3745	25/06/1975	5	\N	f	\N	3745	\N	890.981.721-1	www.etdea.edu.co	7	39	0	1	1
3808	11001	3808	Carrera 21 53D 35	3483061	6271	10/05/1983	9	\N	f	\N	6271	\N	860.404.351-5	www.ctb.edu.co	7	39	0	1	1
3809	25290	3809	Vereda Usatama Finca Torreblanca	3134568263	1667	15/06/1971	4	\N	f	\N	1667	\N	860.032.286-7	www.icsef.edu.co	7	41	0	1	1
3810	68001	3810	Calle de los Estudiantes 10 20 Ciudadela	6445323	41	08/03/1972	8	\N	f	\N	41	\N	890.203.706-2	www.itae.edu.co	7	32	0	1	1
3811	73349	3811	Calle 10 #29 93/33 Barrio El Reposo	2513266	9702	08/07/1981	5	1	f	\N	9702	\N	890.704.562-9	www.coreducacion.edu.co	7	39	0	1	1
3812	5088	3812	Calle 48 50 30	4500040	5060	20/05/1986	17	\N	f	\N	5060	\N	890.985.856-3	www.pmfs.edu.co	7	39	0	1	1
3817	52001	3817	Calle 19 27 80	232452	1054	01/02/1983	18	\N	f	\N	1054	\N	No disponible	www.aunar.edu.co	7	39	0	1	1
3819	11001	3819	Avenida Calle 63 #22 39	4856565	1048	16/02/1987	26	\N	f	\N	1048	\N	800.003.963-5	www.teinco.edu.co	7	39	0	1	1
3820	5001	3820	Carrera 42 47 82 Centro	2171005	13298	24/10/1986	2	\N	f	\N	13298	\N	No disponible	www.atec.edu.co	7	39	0	1	1
3821	8001	3821	Cra. 38 No. 79A 167 Claustro de Santa Bernardita	3361800	5814	24/05/1988	32	\N	f	\N	5814	\N	800.036.652-1	www.pca.edu.co	7	39	0	1	1
3822	11001	3822	Calle 13 No.68D 60	3196383077	1643	02/03/1988	5	\N	f	\N	1643	\N	800029090-1	www.icaft.edu.co	7	39	0	1	1
3823	11001	3823	Carrera 14A 57 43	7030040	2214	18/03/1988	\N	\N	f	\N	2214	\N	800.042.129-3	http://unaes.edu.co/	7	39	0	1	0
3824	11001	3824	Calle 16 # 7 76	7434541	9121	11/07/1990	5	\N	f	\N	9121	\N	800.113.262-0	www.eciem.edu.co	7	39	0	1	1
3826	11001	3826	Calle 41 27A 56 La Soledad	3689618	1567	25/03/1977	34	\N	f	\N	1567	\N	860.053.914-4	www.cide.edu.co	7	41	0	1	1
3827	11001	3827	Transversal 18 A Bis N. 37 11	3209056263	9097	04/06/1979	15	\N	f	\N	9097	\N	860070298-7	www.psb.edu.co	7	39	0	1	1
3828	11001	3828	Carrera 14 A N. 71 29 BARRIOS UNIDOS	2650657	5050	22/09/1993	2	\N	f	\N	5050	\N	805.001.162-1	www.sapienza.edu.co	7	39	0	1	1
3829	11001	3829	calle 52 No 22 50	2451333	5460	01/10/1993	\N	\N	f	\N	5460	\N	800210541-6	www.jfk.edu.co	7	39	0	1	1
3830	11001	3830	Calle 34 15 36	5780330	2286	21/02/1983	9	\N	f	\N	2286	\N	860.514.382-5	www.coruniversitec.edu.co	7	39	0	1	1
3831	19001	3831	Calle 4 No. 8 30	8220517	597	02/04/2001	20	4	t	29/06/2022	597	4	817004535	www.unicomfacauca.edu.co	7	39	0	1	1
3832	23162	3832	Calle 9 9B 27 Barrio Santa Clara	7745524	1027	19/03/2007	\N	\N	f	\N	1027	\N	812.005.728-1	No disponible	7	39	0	1	0
3833	5212	3833	Calle 50 39 203 Barrio El Mojon	4534666	1859	19/03/2007	\N	\N	f	\N	1859	\N	811029934-2	No disponible	7	39	0	1	0
3834	5705	3834	Calle 20 5 07 Llano de Bolivar	8533489	44	17/01/2002	2	\N	f	\N	44	\N	811.039.347-1	No disponible	7	39	0	1	1
3901	70605	3901	Carretera Troncal Via Lorica Covenias Sucre	2880265	\N	19/03/2007	4	\N	t	17/07/2020	\N	4	800141688	www.armada.mil.co	\N	\N	0	5	1
3902	25488	3902	Fuerte Militar de Tolemaida	8383002	\N	19/03/2007	5	\N	f	\N	\N	\N	808000211	www.emsub.edu.co	\N	\N	0	5	1
4101	76622	4101	Carrera 7 10 20 Roldanillo	2298586	1093	17/05/1979	40	\N	f	\N	1093	\N	891.902.811-0	www.intep.edu.co	3	35	0	2	1
4102	44650	4102	Carrera 13 7A 61 Barrio 20 de Julio	7740098	1098	17/03/1979	13	\N	f	\N	1098	\N	860.402.193-9	www.infotep.edu.co	3	35	0	5	1
4106	88001	4106	Barrio Sarie Bay con Av. Colombia	5125916	176	29/01/1980	11	1	f	\N	176	\N	892.400.461.5	www.infotepsai.edu.co	3	35	0	5	1
4107	76111	4107	Carrera 13 Calle 26C	2360673	603	14/03/1966	14	\N	f	\N	603	\N	800.124.023-4	www.ita.edu.co	3	35	0	4	1
4108	11001	4108	Calle 13 No.16 74	3443000	146	09/02/1905	20	7	f	\N	146	\N	860.523.694-6	www.itc.edu.co	3	35	0	5	1
4109	76001	4109	Avenida 4 Norte # 34AN 18 Barrio Prados de Norte Comuna No 02	6553333	20500	16/11/1979	17	\N	f	\N	20500	\N	800.248.004-7	www.intenalco.edu.co	7	39	0	5	1
4110	73268	4110	Calle 18 Carrera 1 Barrio Arkabal	2483501	3462	24/12/1980	29	\N	f	\N	3462	\N	800.173.719-0	www.itfip.edu.co	3	35	0	5	1
4111	47189	4111	Calle 10 12 22 Plaza del Centenario	4240800	3506	10/12/1981	24	\N	f	\N	3506	\N	891.701.932-0	www.infotephvg.edu.co	3	35	0	2	1
4112	17541	4112	Carrera 5 # 6 30	8555118	37	08/01/1985	35	\N	f	\N	37	\N	890.802.678-4	www.iescinoc.edu.co	3	35	0	2	1
4301	76736	4301	Calle 51 No. 48 31	2198444	11	05/12/1980	\N	\N	f	\N	11	\N	No disponible	uniteps@col2.telecom.com.co	2	14	0	4	1
4701	76001	4701	Calle 27 Norte No. 6BN 50	6874100	18638	19/11/1984	9	\N	f	\N	18638	\N	No disponible	www.fadp.edu.co	7	39	0	3	1
4702	11001	4702	Calle 67 14A 29	3470000	14878	05/10/1984	43	\N	f	\N	14878	\N	860.524.219-5	No disponible	7	39	0	3	1
4704	11001	4704	Carrera 48 No.91 16	6369260	21994	01/02/1983	2	\N	f	\N	21994	\N	860.533.613-2	No disponible	7	39	0	3	1
4705	11001	4705	Calle 16A N. 12 15	3126601560	1000	21/02/1983	1	\N	f	\N	1000	\N	860.512.509-4	www.uniuparsistem.edu.co	7	39	0	3	1
4708	11001	4708	Ava. 13 (Autopista Norte) 106 63	6184710	2285	21/02/1983	\N	\N	f	\N	2285	\N	860.350.003-3	www.ecotet.com	7	39	0	3	1
4709	63001	4709	Carrera 14 3 11 Av. Bolivar	451101	32	31/07/1973	29	1	f	\N	\N	\N	890002590-2	www.eam.edu.co	7	33	0	3	1
4710	11001	4710	Trv. 73A N. 81i 19	6015800301	9168	06/08/1987	23	\N	f	\N	9168	\N	800026729-5	tecmd.edu.co	7	39	0	3	1
4711	11001	4711	Carrera 10 27 91 Torre C	\N	1999	19/03/2007	\N	\N	f	\N	1999	\N	860.513.543-1	www.esatec.edu.co	7	39	0	3	0
4714	11001	4714	Calle 36 15 63	7040760	954	19/03/2007	9	\N	f	\N	954	\N	860055057	www.fit.edu.co	7	41	0	3	1
4716	76001	4716	Carrera 12 5 64 Barrio San Bosco	6616149	11107	19/03/2007	\N	\N	f	\N	11107	\N	890325441-1	www.futap.net	7	39	0	3	0
4719	11001	4719	Diagonal 47 Sur No.53 46 Barrio Venecia	7111063	17084	13/11/1978	27	\N	f	\N	17084	\N	860.072.063.2	www.nuevaamerica.edu.co	7	39	0	3	1
4721	11001	4721	Calle 69 No. 14 30	7437270	11106	13/07/1983	24	\N	f	\N	11106	\N	860.516.580-6	www.insutec.edu.co	7	39	0	3	1
4725	11001	4725	Calle 128B 58B 57 Barrio Las Villas	2265206	7975	19/03/2007	\N	\N	f	\N	7975	\N	891.224.672-4	No disponible	7	39	0	3	0
4726	11001	4726	Transversal 17 25 25	3309999	14135	16/10/1987	48	\N	f	\N	14135	\N	800.040.295-9	www.fus.edu.co	7	39	0	3	1
4727	11001	4727	Calle 73 No. 10 45	4005700	4135	11/11/2004	33	\N	f	\N	4135	\N	900002845-0	www.politecnicointer5.edu.co	7	39	0	3	1
4801	5001	4801	Cra 79 N. 43 24	4112811	11105	13/07/1983	9	\N	f	\N	11105	\N	890984813-2	www.corpoasa.edu.co	7	39	0	1	1
4803	11001	4803	Calle 125 No 7c 62	5556969	2026	02/03/1982	3	\N	f	\N	2026	\N	860.508.517-8	www.polcolan.edu.co	7	39	0	1	1
4804	54001	4804	Av 4 15 70	5715149	8532	06/06/1983	\N	\N	f	\N	8532	\N	No disponible	No disponible	7	39	0	1	0
4805	11001	4805	Av. Ciudad de Cali 69A 47	3173707085	4023	25/03/1983	\N	\N	f	\N	4023	\N	860.516.740-8	www.corpotec.edu.co	7	39	0	1	0
4806	11001	4806	Calle 42 No.13 26	3405125	1727	22/04/1974	7	\N	f	\N	1727	\N	860.036.444-2	www.ce art.edu.co	\N	41	0	1	1
4808	76001	4808	Calle 6 No. 30 23 Av. Roosevel Barrio El Cedro	6826182	1998	14/02/1983	26	\N	f	\N	1998	\N	890.328.023-8	www.corpocres.edu.co	7	39	0	1	1
4809	66001	4809	Avenida 30 de Agosto 52 236	3293333	18512	04/10/1983	\N	\N	f	\N	18512	\N	891.411.199-3	www.corporacioncta.edu.co	7	39	0	1	0
4810	11001	4810	Av. Caracas 35 18	2329084	11109	13/07/1983	14	\N	f	\N	11109	\N	860504984-6	No disponible	7	39	0	1	1
4811	76001	4811	Calle 18 Nro 122 Casa 3	3728266	11104	13/07/1983	5	\N	f	\N	11104	\N	890324361-4	corporacion.salamandra.edu.co	7	39	0	1	1
4812	11001	4812	Avenida Caracas N. 46 57	6013719879	1311	29/02/1984	11	\N	f	\N	1311	\N	860.519.585-6	www.lasmercedes.edu.co	7	39	0	1	1
4813	11001	4813	Carrera 5 12 64 La Candelaria	3813222	1379	02/03/1983	183	1	f	\N	1379	\N	860401734-9	www.cun.edu.co	7	39	0	1	1
4814	76001	4814	Avenida 3 Norte #44 100 Barrio La Merced	649989	8533	06/06/1983	\N	\N	f	\N	8533	\N	No disponible	No disponible	7	39	0	1	0
4817	8001	4817	CL79 # 42F 110	3207450	713	19/06/1972	12	\N	f	\N	713	\N	890.104.481-6	www.litoral.edu.co	7	28	0	1	1
4818	8001	4818	Calle 58 55 24A	3444868	273	23/03/1971	11	\N	f	\N	273	\N	890.103.657-0	www.ul.edu.co	7	39	0	1	1
4822	11001	4822	Carrera 12 70 44/46	5417173	6272	04/05/1983	21	\N	f	\N	6272	\N	860504543-1	www.artesyletras.com.co	7	39	0	1	1
4825	66001	4825	Carrera 6 24 56	3400100	19348	07/12/1985	19	5	f	\N	19348	\N	891.408.248-5	www.ciaf.edu.co	7	39	0	1	1
4826	13001	4826	Pie del Cerro Av.Pedro Heredia 18B 17	6665832	8992	21/06/1985	2	\N	f	\N	8992	\N	890.481.341-9	www.iafic.edu.co	7	39	0	1	1
4827	5001	4827	Calle 47 42 39	2175599	11103	13/07/1983	\N	\N	f	\N	11103	\N	No disponible	www.institutodeartes.edu.co	7	39	0	1	1
4829	68001	4829	Carrera 26 50 73	6473939	80	01/08/1974	6	\N	f	\N	80	\N	890204702	www.interamericana.edu.co	7	32	0	1	1
4832	11001	4832	Carrera 23 63 36	5441388	2028	02/03/1982	12	\N	f	\N	2028	\N	860.066.098-5	www.ises.edu.co	7	39	0	1	1
4835	11001	4835	Autopista Norte Km. 19 (Via a Chia)	6760448	11108	17/07/1983	10	\N	f	\N	11108	\N	860078430-1	www taller5.edu.co	7	39	0	1	1
4837	8001	4837	Carrera 53 59 70	3492619	3514	15/07/1993	12	\N	f	\N	3514	\N	No disponible	www.corsalud.cjb.net	7	39	0	1	1
4838	54001	4838	Avda 1 No. 2 63 Barrio Lleras	5740254	1018	18/05/1999	\N	\N	f	\N	1018	\N	No disponible	www.corbes.edu.co	7	39	0	1	0
5801	68001	5801	Calle 41 10 30 Barrio Alfonso Lopez	6349810	2680	05/08/1998	12	\N	f	\N	2680	\N	804006527-3	www.tecnologicadeloriente.edu.co	7	39	0	1	1
5802	11001	5802	Carrera 19 49 20	3537171	2683	28/03/1985	68	3	f	\N	2683	\N	860.401.496-0	www.ecci.edu.co	7	39	0	1	1
9101	11001	9101	Av. Caracas 2 65 Sur	\N	2045	19/03/2007	\N	\N	f	\N	2045	\N	800.141.335-9	www.policia.gov.co	7	38	0	5	0
9102	25430	9102	Madrid (Cundinamarca)	\N	275	19/03/2007	12	\N	t	01/10/2019	275	6	80014164	www.esufa.edu.com	2	37	0	5	1
9103	76001	9103	Carrera 8 58 67	4881000	2247	23/12/1920	4	\N	t	20/02/2024	2247	8	800141621	www.emavi.edu.co	3	42	0	5	1
9104	11001	9104	Calle 80 38 00 (Avenida Suba)	3770850	30	28/12/1992	8	\N	t	10/12/2021	30	6	800131272-0	www.esmic.edu.co	\N	19	0	5	1
9105	13001	9105	Barrio Manzanillo, Avenida El Bosque	6694295	793	06/07/1907	14	8	t	15/05/2024	793	8	800141648-9	www.escuelanaval.edu.co	3	35	0	5	1
9107	11001	9107	Carrera 50 #18 06 Puente Aranda	4468011	15	09/08/1983	7	\N	f	\N	15	\N	8300874434	www.esing.mil.co	\N	13	0	5	1
9108	11001	9108	Calle 10 4 69	3422121	\N	31/12/1969	6	\N	f	\N	\N	\N	899999096-6	www.caroycuervo.gov.co	\N	\N	0	5	1
9109	11001	9109	Trv 49 No. 105 84	2536040	9	17/06/1964	\N	\N	f	\N	9	\N	No disponible	www.prueba.com.co	7	43	0	5	0
9110	11001	9110	Carrera 13 No. 65 10	5944001	30	28/12/1992	1506	3	f	\N	30	\N	899.999.034-1	www.sena.edu.co	5	19	0	5	1
9111	76001	9110	Carrera (Avenida Guadalupe) No.3 88	4315859	30	19/03/2007	\N	\N	f	\N	30	\N	899.999.034-1	www.senavalle.edu.co	\N	20	1	5	1
9112	5001	9110	Calle 51 57 70	\N	30	19/03/2007	\N	\N	f	\N	30	\N	899.999.034-1	www.senamed.edu.co	\N	20	1	5	1
9113	25473	9110	Km. 16 Via Bogota Mosquera	\N	30	19/03/2007	\N	\N	f	\N	30	\N	899.999.034-1	www.sena.edu.co	\N	20	1	5	1
9114	63001	9110	Carrera 19 7 75	\N	30	19/03/2007	\N	\N	f	\N	30	\N	899.999.034-1	www.sena.edu.co	\N	20	1	5	1
9115	76111	9110	Variante Tulua Buenaventura	\N	30	19/03/2007	\N	\N	f	\N	30	\N	899.999.034-1	www.sena.edu.co	\N	20	1	5	1
9116	27001	9116	Calle 20 No 5 66 Barrio La Yesquita	6711217	2233	23/06/2006	22	5	f	\N	2233	\N	9000059366	www.fucla.edu.co	7	39	0	3	1
9117	11001	9117	Av. Caracas No. 35 38	2320155	3623	04/07/2006	2	\N	f	\N	3623	\N	1900093502-9	http://inter.edu.co/	7	39	0	3	1
9119	8001	9119	Calle 71 No. 41C 35 Edificio COSMOS Bloque D.	3851027	6341	17/10/2006	96	\N	f	\N	6341	\N	900114439-4	www.americana.edu.co	7	39	0	1	1
9120	5001	9120	Palacio Bellas Artes, Calle 52 No. 42 08	4447787	6342	17/10/2006	6	\N	f	\N	6342	\N	900126062-3	www.bellasartesmed.edu.co	7	39	0	3	1
9121	13001	9121	Centro Calle de la Factoria 36 27	6600098	7774	01/12/2006	12	\N	f	\N	7774	\N	900131269	www.unicolombo.edu.co	7	39	0	3	1
9122	68001	1735	Calle de los Estudiantes 10 20 Ciudadela Real de Minas	6445323	11110	13/07/1983	17	\N	t	01/02/2024	11110	6	860.517.647-5	www.umb.edu.co	7	39	1	3	1
9123	41001	1826	Clle 7 #3 27 y Clle 19 #42 98	8719541	4571	24/05/1977	\N	\N	f	\N	4571	\N	860.056.070-7	http://www.uan.edu.co/design/sedes/home.htm	\N	39	1	1	1
9124	5440	9124	Calle 30 #36 11	5690120	1896	17/04/2007	5	\N	f	\N	1896	\N	900175084-4	www.coredi.edu.co	\N	39	0	3	1
9125	5705	1201	Calle 9 7 36 Diagonal al Comando de Policia	8531743	\N	12/03/2008	\N	\N	t	14/07/2023	\N	10	890.980.040-8	www.udea.edu.co	\N	\N	1	5	1
9126	8001	9126	Carrera 46 Calle 57 Esquina	3697604	6173	22/09/2008	5	\N	f	\N	6173	\N	900243674-1	www.indoamerica.edu.co	7	39	0	1	1
9127	5631	9127	Calle 75 sur #34 120	3011818	7184	24/10/2008	17	\N	f	\N	7184	\N	900.253.021-5	www.unisabaneta.edu.co	7	39	0	1	1
9128	11001	9128	Calle 77 A N. 13 12 Barrio El Espartillal	2174757	8973	01/12/2008	17	\N	f	\N	8973	\N	900262351	No disponible	7	39	0	3	1
9129	11001	9129	AVENIDA CRA 68 #90 88	6468000	9336	12/12/2008	22	\N	f	\N	9336	\N	900262398-4	www.unicafam.edu.co	7	39	0	3	1
9130	86568	9130	Clle 11 Cra 17 esquina	11	\N	21/08/2009	\N	\N	f	\N	\N	\N	No disponible	No disponible	\N	\N	0	1	0
9131	11001	9131	Calle 77#11 63	2120515	3600	02/06/2009	17	1	f	\N	3600	\N	9002941201	www.unicervantes.edu.co	\N	39	0	3	1
9132	11001	9132	Cra 5 No. 118 10	6371160	6168	14/07/2010	2	\N	f	\N	6168	\N	900.372.111-1	No disponible	\N	39	0	3	1
9899	11001	9899	Carrera 7 35 85	2324070	2202	30/03/2010	15	\N	f	\N	2202	\N	900350945-0	www.universitariadecolombia.edu.co	\N	39	0	1	1
9900	5001	9900	Calle 56 #41 147	2398080	6731	05/08/2010	18	\N	f	\N	6731	\N	900378694-9	www.udecolombia.edu.co	\N	39	0	1	1
9901	52001	9901	Carrera 20A 14 54	\N	10735	20/10/2010	\N	\N	f	\N	10735	\N	800109387-7	www.iucesmag.edu.co	7	39	0	3	0
9902	68001	9902	Avenida Gonzalez Valencia #52 69	6577000	8562	27/09/2010	3	\N	f	\N	8562	\N	900395956-5	www.comfenalcosantander.com.co	\N	39	0	3	1
9903	11001	9903	Calle 52A No. 9 76	2550617	9150	27/09/2010	11	\N	f	\N	9150	\N	900401526-8	www.cetcolsubsidio.edu.co	7	39	0	1	1
9904	11001	9904	Avenida Caracas #63 87	5879730	10263	22/11/2010	26	\N	f	\N	10263	\N	900407222-1	No disponible	7	39	0	3	1
9905	41615	9905	Km.11 via al Sur	8600117	1595	28/02/2011	17	\N	f	\N	1595	\N	900440771-2	www.fet.edu.co	7	39	0	3	1
9906	76001	9906	Cll. 27 Norte N. 6BN 50 Santa Monica Residencial	3128849207	1051	15/02/2011	5	\N	f	\N	1051	\N	900422582-0	No disponible	7	39	0	1	1
9907	41001	9907	CALLE 10 # 6 41	8717770	10570	22/11/2011	16	\N	f	\N	10570	\N	36180562	www.uninavarra.edu.co	\N	39	0	3	1
9908	76111	1203	Carrera 13 5 21	2370000	12	11/06/1945	\N	\N	f	\N	12	\N	890.399.010-6	HTTP://BUGA.UNIVALLE.EDU.CO	6	12	1	2	1
9909	76895	1203	Calle 14 N. 7 134 Barrio Bolivar	57222091	12	11/06/1945	\N	\N	f	\N	12	\N	890399010-6	HTTP://ZARZAL.UNIVALLE.EDU.CO	6	12	1	5	1
9910	11001	9910	Carrera 5 #65 50	3452497	10733	23/11/2011	2	\N	f	\N	10733	\N	900511207-5	www.uniluisgpaez.edu.co	\N	39	0	3	1
9911	76109	1203	Av.Simon Bolivar Km 9 Contiguo al Colegio ITI	1	12	11/06/1945	\N	\N	f	\N	12	\N	890.399.010-6	www.univalle.edu.co	6	12	1	2	1
9912	76520	1203	Carrera 31 Av. La Carbonera	2704760	12	11/06/1945	\N	2	f	\N	12	\N	890399010-6	HTTP://PALMIRA.UNIVALLE.EDU.CO	6	12	1	5	1
9913	11001	9913	Carrera 18 No. 79 25	3174231476	1110	02/02/2012	19	\N	f	\N	1110	\N	900509172-1	https://uniasturias.edu.co/	7	39	0	1	1
9914	11001	9914	Carrera 11 #80 57	5521860	4787	08/05/2012	19	\N	f	\N	4787	\N	9005345244	https://www.eseit.edu.co/	\N	39	0	1	1
9915	11001	9915	Carrera 19 71 A 23	7421994	4788	08/05/2012	16	\N	f	\N	4788	\N	900.524.285-6	www.uvirtual.edu.co	7	39	0	3	1
9918	25214	9918	Km 4 Via Suba a Cota	6831062	1654	15/07/2013	3	\N	f	\N	1654	\N	79357338	No disponible	5	20	0	5	1
9919	25175	9919	Cra. 7 Km 17 Los Arrayanes	8844310	4283	27/03/2014	\N	\N	f	\N	4283	\N	900750134-0	www.elernova.edu.co	\N	39	0	3	1
9920	52835	1101	Calle 44 N. 45 67	3165000	14	10/03/1997	\N	\N	t	25/08/2021	14	10	899.999.063-3	http://www.tumaco pacifico.unal.edu.co/	2	23	1	5	1
9921	52001	9921	CALLE 18 N. 56 02	7216608	15596	23/09/2015	2	\N	f	\N	15596	\N	900901398-1	No disponible	7	39	0	3	1
9922	66001	9922	CRA. 5 N. 21 30	3172400	14053	07/09/2015	13	1	f	\N	14053	\N	900893985-5	www.uc.edu.co	\N	39	0	3	1
9923	11001	9923	Cra 18B No 106 A 15	6372511	21329	15/11/2016	2	\N	f	\N	21329	\N	901032802-6	www.udecatalunya.edu.co	7	39	0	1	1
9924	11001	9924	Calle 39A No. 19 18	7810645	21328	15/11/2016	5	\N	f	\N	21328	\N	901.040.737-9	www.unincol.edu.co	7	39	0	3	1
9925	68276	9925	Calle 155A No. 23 58 Urbanizacion El Bosque	6399292	21212	10/11/2016	\N	\N	f	\N	21212	\N	901045132-6	No disponible	7	39	0	3	1
9926	11001	9926	Calle 100 19 61 Piso 8	5169659	13130	07/07/2017	29	\N	f	\N	13130	\N	901096617-4	No disponible	7	39	0	3	1
9927	5001	9927	Cra 55 N. 42 90 Int. 0101	6045200750	74	17/12/2017	21	5	f	\N	74	\N	901168222-9	www.iudigital.edu.co/Paginas/default.aspx	6	3	0	2	1
9928	11001	9928	Avenida el Dorado No. 69 96	7462738	6095	09/04/2018	8	\N	f	\N	6095	\N	901181117-7	https://www.salesiana.edu.co/	7	39	0	3	1
9929	19001	9929	Calle 78N Carrera 19N Urbanizacion La Aldea	8240343	\N	26/06/2018	12	\N	f	\N	\N	\N	8242153	www.uaiinpebi cric.edu.co	\N	\N	0	5	1
9930	11001	9930	CALLE 102 NO. 7 80 CANTON NORTE	3150111	\N	14/08/2018	7	\N	f	\N	\N	\N	No disponible	www.ejercito.mil.co/?idcategoria=221634	\N	\N	0	5	1
9931	11001	9931	Cra. 16 No. 70a 68	2172183	7081	30/04/2018	2	\N	f	\N	7081	\N	901184569-6	No disponible	7	39	0	3	1
9932	11001	9932	Calle 170 No. 8G 31	6711221	9	20/08/2015	2	\N	f	\N	9	\N	901208296-6	www.unisanpablo.co	1	21	0	3	1
9933	20621	1101	Carrera 45 #26 85	3165000	250	24/10/2018	7	\N	t	25/08/2021	250	10	899.999.063-3	http://delapaz.unal.edu.co/	2	23	1	5	1
9934	11001	9934	Avenida el Dorado N. 103 23	4251000	74	19/12/2014	1	\N	f	\N	74	\N	899.999.059-3	www.centrodeestudiosaeronauticos.edu.co/cea/	1	22	0	5	1
9935	68081	9935	Calle 55 # 19 25	6024379	1251	30/01/2018	1	\N	f	\N	1251	\N	901.167.074-0	www.utem.edu.co	\N	39	0	3	1
9936	54001	9936	AV 2 # 13 30	7557153	4013	12/04/2019	5	\N	f	\N	4013	\N	901278157-1	www.unanorte.com	\N	39	0	1	1
9937	19807	9937	calle 15#19 19 barrio centro	3136316976	11222	25/10/2019	\N	\N	f	\N	11222	\N	901424500-1	www.corpocaminos.edu.co	\N	39	0	1	1
9938	68001	9938	calle 62 #27 126	3176490529	1	01/10/2019	1	\N	f	\N	1	\N	901.575.686-8	www.unich.edu.co	\N	2	0	1	1
9939	8001	9939	Calle 75B No. 42F 83	3600047	15855	25/08/2021	\N	\N	f	\N	15855	\N	901527499-2	https: //FUNCATC.org/	\N	39	0	3	1
9940	47001	9940	Carrera 8 N. 28 A 60	4209600	\N	13/03/2023	\N	\N	f	\N	\N	\N	901736641-9	No disponible	\N	\N	0	4	1
9941	73001	9941	Calle 47 No. 6A 41	3005629532	4035	13/03/2023	\N	\N	f	\N	4035	\N	901352080-8	www.noenvio.com.co	\N	39	0	1	1
9942	73001	9942	Calle 47 No. 6 A 41	3005629532	4035	13/03/2023	\N	\N	f	\N	4035	\N	9013520808	www.pendiente.co	\N	39	0	1	0
9943	50001	1704	CRA. 22 con CLL. 1A Via a Puerto Lopez	6784260	3645	06/08/1965	\N	\N	t	28/07/2023	3645	6	8600012357-6	www.ustavillavicencio.edu.co	\N	41	1	3	1
9944	76001	9944	Sede 1 Coltabaco: Calle 12 Carrera 1 esquina	5141773	\N	06/12/2023	\N	\N	f	\N	\N	\N	0	www.institutopopulardecultura.edu.co	\N	\N	0	4	1
9945	11001	9945	CALLE 34 N. 5 98	3202378109	1	15/05/2021	\N	\N	f	\N	1	\N	901819672-4	https://universitariadebogota.edu.co	\N	22	0	1	1
9946	5088	9946	Cra. 57a N. 37 115	321639218	\N	15/05/2024	\N	\N	f	\N	\N	\N	9017979675	No disponible	\N	\N	0	4	1
9947	8001	9947	Carrera 53. 53 109	3205311095	\N	23/07/2024	\N	\N	f	\N	\N	\N	11	www.iditek.edu.co	\N	\N	0	3	1
\.

COPY public.cargos (cod_cargo, nomb_cargo) FROM stdin;
1	Rector
2	Rep. Legal
3	Rector Encargado
4	Rep. Legal Encargado
5	Director
6	Rector General
7	Rep. Legal Suplente
8	Primer Rep. Legal Suplente
9	Segundo Rep. Legal Suplente
10	Primer Suplente Del Rector
11	Segundo Suplente Del Rector
12	Tercer Rep. Legal Suplente
13	Segundo Rep. Legal Encargado
14	Rector Suplente
15	Primer Rep. Legal Encargado
16	Segundo Rector Suplente
17	Primer Rector Suplente
\.

COPY public.acto_nombramiento (cod_nombram, nomb_nombram) FROM stdin;
1	Resolución 68 Consejo Superior Universitario
2	Acuerdo 010 Consejo Superior
3	Acuerdo CS 070 Consejo Superior Universitario
4	Resolución CS 04 Consejo Superior
5	Resolución CS 004 Consejo Superior
6	Resolución 04 Consejo Superior Universitario
7	Resolución 34 Consejo Superior Universitario
8	Acuerdo 020 Consejo Superior Universitario
9	Resolución 020 Consejo Superior Universitario
10	Acuerdo CS 35 Consejo Superior Universitario
11	Acuerdo CS 74 Consejo Superior Universitario
12	Acuerdo 04 Consejo Superior Universitario
13	Resolución CS 0011 Consejo Superior Universitario
14	Resolución CS 060 Consejo Superior Universitario
15	Acuerdo 008 Consejo Superior Universitario
16	Acuerdo CS 033 Consejo Superior Universitario
17	Resolu MEN 25615 Ministerio De Educación Nacional
18	Resolución 68 Consejo Superior
19	Resolución CS 2598 Consejo Superior
20	Acuerdo CS 000014 Consejo Superior Universitario
21	Resolución CS 043 Consejo Superior
22	Acuerdo CS 011 Consejo Superior
23	Resolución 02 Consejo Superior
24	Resolución 007 Consejo Superior Universitario
25	Resolución 0981 Rectoria
26	Acuerdo CS 016 Consejo Superior
27	Resolución CS 127 Consejo Superior Universitario
28	Acuerdo 047 Consejo Superior Universitario
29	Resolución 1740 Rectoria
30	Acuerdo 034 Consejo Superior
31	Acuerdo 027 Consejo Superior
32	Acuerdo CS 6 Consejo Superior
33	Resolución CS 023 Consejo Superior Universitario
34	Resolución CS 000012 Consejo Superior
35	Resolución CS 08 Consejo Superior
36	Acuerdo 019 Consejo Superior
37	Acuerdo 011 Consejo Superior
38	Resolución 031 Consejo Superior Universitario
39	Decreto Col 2308 Gran Canciller
40	Disposicion 2023 214 ViceGran Canciller
41	Acto Constitutivo 223 Consejo Superior Universitario
42	Acto Constitutivo 222 Consejo Superior Universitario
43	Decreto Rectoral 152 Consejo De Fundadores
44	Decreto 152 Consejo De Fundadores
45	Decreto 142 Consejo De Fundadores
46	Acta 10 Consejo Directivo
47	Acta 11 Consejo Directivo
48	Acta 1 Consejo Directivo
49	Acuerdo CS 25 Consejo Superior
50	Decreto 2508N Arquidiocesis De Medellin
51	Acta 101 Consejo De Fundadores
52	Acta 110 Consejo Fundacional
53	Acta CS 006 Consejo Superior
54	Acta CS 010 Consejo Superior
55	Acta CD 674 Consejo Directivo
56	Acta 519 Consejo Directivo
57	Acta CD 618 Consejo Directivo
58	Decreto Rectoral 1824 Rectoria
59	Acta 975 Honorable Consiliatura
60	Orden Ejecutiva 280921 Presidencia
61	Acuerdo 01 Cuerpo De Regentes
62	Resolución 029 Canciller
63	Resolución 016 Canciller
64	Resolución 033 Canciller
65	Resolución 24 Canciller
66	Resolución 028 Canciller
67	Resolución 031 Canciller
68	Resolución 030 Canciller
69	Resolución 032 Canciller
70	Acta 029 Consejo Superior
71	Acta 017 Sala De Gobierno
72	Acta 029 Sala De Gobierno
73	Acuerdo 10 Consejo Maximo
74	Resolución 007 Consejo Superior
75	Acto Administrativo 01 Consejo Directivo
76	Resolución 004 Canciller
77	Resolución 034 Canciller
78	Acta CS 080 Consejo Superior
79	Decreto CA01 Canciller
80	Acto Resolutorio 29 Consejo Directivo General
81	Acta CD 181 Consejo Directivo
82	Acuerdo CD 17185 Consejo Directivo
83	Acuerdo CD 17153 Consejo Directivo
84	Acta 144 Claustro
85	Acuerdo CD 17791 Consejo Directivo
86	Resolución 669 Claustro
87	Decreto 2508N2022 Arquidiocesis De Medellin
88	Acta CD 022023 Consejo Directivo General
89	Decreto 155 Consejo De Fundadores
90	Acta 091 Asamblea General De Miembros Fundadores
91	Acta CS 116 Consejo Superior
92	Acta 005 Honorable Consiliatura
93	Resolución 004 Rectoria
94	Acuerdo CS 037 Consejo Superior
95	Resolución 2081 Ministerio De Educación Nacional
96	Acta CS 01 Consejo Superior Universitario
97	Acta 05 Consiliatura
98	Acta 01 Sala General
99	Acta 815 Consejo Superior Universitario
100	Acta 28924 Comite Directivo
101	Acta CD 27323 Comite Directivo
102	Acta CS 5522 Consejo Superior
103	Acta 28724 Comite Directivo
104	Acuerdo CS 19 Consejo Superior Universitario
105	Acta 0292024 Consiliatura
106	Acta 012024 Sala General
107	Acuerdo 005 Asamblea General
108	Acuerdo 003 Asamblea General
109	Acuerdo 020 Asamblea De Miembros Fundadores
110	Acuerdo 001 Asamblea De Miembros
111	Acuerdo 020 Asamblea De Miembros
112	Acuerdo 003 Asamblea De Miembros
113	Acta 0012024 Sala General
114	Acta 652 Junta Directiva
115	Acta 567 Junta Directiva
116	Acta 543 Junta
117	Acta CD 176 Consejo Directivo
118	Acuerdo 002 Consejo Superior Universitario
119	Resolución 051 Rectoria
120	Acta CS 450 Consejo Superior Universitario
121	Acuerdo CD 16 Consejo Directivo
122	Acuerdo 01 Consejo Superior
123	Resolución CS 27 Consejo Superior
124	Resolución 00259 Secretaria General Del Icfes
125	Resolución CS 22 Consejo Superior
126	Acta CS CS01 Consejo Superior Universitario
127	Acta 322 Consejo Superior
128	Acta 326 Consejo Superior
129	Acta CS 397 Consejo Superior
130	Acta CS 421 Consejo Superior
131	Acta CS 396 Consejo Superior
132	Resolución CS 2 Consejo Superior
133	Acta 13 Consejo Superior
134	Resolución CS 1 Consejo Superior
135	Acta 005 Asamblea General
136	Acta 037 Asamblea General
137	Acta 142 Consejo Superior
138	Acta 095 Asamblea
139	Acta 096 Asamblea General
140	Acuerdo CS 004 Consejo Superior
141	Decreto 1773 Presidencia
142	Resolución No 1476 Ministerio De Defensa Nacional
143	Acto Administrativo 23342 Direccion General
144	Acuerdo 005 Consejo Directivo
145	Acuerdo CD 10003023572023 Consejo Directivo
146	Acuerdo 045 Consejo
147	Acta 010 Consejo Directivo
148	Resolución CD 03 Consejo De Direccion
149	Acuerdo 16 Consejo Directivo
150	Resolución 554 Rectoria
151	Acuerdo CD 004 Consejo Directivo
152	Acta CD 002 Consejo Directivo
153	Resolución CD 20240003 Consejo Directivo
154	Resolución 1678 Consejo Directivo
155	Acuerdo 6213 Consejo Superior
156	Acuerdo 6233 Consejo Superior
157	Acta CD 005 Consejo Directivo
158	Acta 470 Consejo Directivo
159	Acuerdo CD 005 Consejo Directivo
160	Acta CD 591 Consejo Directivo
161	Resolución 005 Consejo Maximo
162	Acta Funda 179 Sala De Fundadores
163	Acta 82 Sala De Fundadores
164	Acta 87 Sala De Fundadores
165	Acuerdo 05 Consejo Superior
166	Acuerdo 06 Consejo Superior
167	Acta 040 Consejo
168	Resolución 135A Rectoria
169	Resolución 003 Gran Canciller
170	Acta CS 04 Consejo Superior
171	Acuerdo 3 Asamblea
172	Acuerdo 02 Asamblea General
173	Resolución 001 Asamblea General
174	Acuerdo CS 22 Consejo Superior Universitario
175	Acuerdo CS 02 Consejo Superior
176	Decreto 194 Arzobispo De Tunja
177	Acuerdo 027 Asamblea General
178	Acta 216 Junta Directiva
179	Acta 73 Asamblea De Fundadores
180	Acuerdo CS 341 Consejo Superior
181	Acta CS 109 Consejo Superior Universitario
182	Acta CS 109 Consejo Superior
183	Acta CS 106 Consejo Superior
184	Acuerdo 001 Consejo De Direccion
185	Acta 002 Asamblea General
186	Resolución 019 Rectoria
187	Acta 013 Asamblea
188	Decreto 22 Arquidiocesis De Cali
189	Decreto 184 Diocesis De Santa Rosa De Osos
190	Decreto 009 Canciller De La Fundacion
191	Resolución CD 01 Consejo Directivo
192	Resolución CD 07 Consejo Directivo
193	Resolución 005 Rectoria
194	Contrato 24528 Rectoria
195	Acta 173 Consejo Superior Universitario
196	Resolución 01 Presidencia
197	Decreto 09 Asamblea De Fundadores
198	Acta 07 Sala General
199	Acuerdo 009 Consejo De Fundadores
200	Resolución CS 028 Consejo Superior Universitario
201	Acta 140 Consejo Maximo
202	Resolución 016 Rectoria
203	Acta 199 Junta De Fundadores
204	Acta 2 Junta De Fundadores
205	Acta 58 Consejo Directivo
206	Acta 50 Consejo Directivo
207	Acuerdo 16 Asamblea General
208	Acta 026 Consejo Directivo
209	Resolución 001 Rectoria
210	Acta 176 Rectoria
211	Decreto 1759 Arquidiocesis De Medellin
212	Acuerdo 48 Sala General
213	Acuerdo 34 Sala General
214	Acuerdo 43 Sala General
215	Acuerdo 028 Sala General
216	Acta CD 471 Consejo Directivo
217	Acta CD 483 Consejo Directivo
218	Acuerdo CS 034 Consejo Superior
219	Acuerdo CS 11 Consejo Superior
220	Resolución 041 Rectoria
221	Resolución 044 Rectoria
222	Acta 509 Consejo Superior
223	Acta CS 529 Consejo Superior
224	Acuerdo 006 Asamblea General
225	Acuerdo CS 10 Consejo Superior
226	Acuerdo 57 Asamblea De Fundadores
227	Acuerdo 065 Asamblea De Fundadores
228	Acta 98 Consejo Superior
229	No Asigna 98 No Asigna
230	Acuerdo 01 Sala De Fundadores
231	Acuerdo 02 Sala De Fundadores
232	Acta CS 36 Consejo Superior
233	Acta Consejo Superior
234	Acta 001 Sala General
235	Acta 1 Sala General
236	Acuerdo 808 Consejo Superior
237	Acuerdo 424 Consejo De Fundadores
238	Acuerdo 348 Consejo De Fundadores
239	Acuerdo 393 Consejo De Fundadores
240	Acuerdo 405 Consejo De Fundadores
241	Acuerdo 170 Sala General
242	Acuerdo 173 Sala General
243	Acta 129 Asamblea De Corporados
244	Acta 003 Asamblea General
245	Acta 163 Sala General
246	Acta 182 Sala General
247	Acta 178 Sala General
248	Acuerdo 060 Asamblea General
249	Acto Administrativo 005 Junta De Fundadores
250	Acta 002 Junta De Fundadores
251	Acta 36 Consejo Superior
252	Acta 69 Consejo Superior
253	Acta 23 Consejo Superior
254	Acta 40 Asamblea General
255	Acta 85 Asamblea General
256	Acuerdo CS 005 Consejo Superior
257	Acuerdo 346 Consejo De Fundadores
258	Acuerdo 002 Sala General
259	Acta 076 Asamblea General
260	Acuerdo CS 182 Consejo Superior
261	Acuerdo 014 Asamblea De Fundadores
262	Acuerdo 016 Asamblea De Fundadores
263	Acta 0022024 Asamblea
264	Acta 0022024 Asamblea General
265	Resolución 00000157 Direccion De Personal Del Ejercito Nacional
266	Resolución 8922 Comando Del Ejercito Nacional
267	Decreto 2262 Ministerio De Defensa
268	Resolución 4908 Ministerio De Defensa
269	Resolución 0232 Comando De Personal De Las Fuerzas Militares
270	Resolución 0052 Ministerio De Defensa Nacional
271	Acuerdo CD 019 Consejo Directivo
272	Acuerdo CD 24 Consejo Directivo
273	Acuerdo CD 007 Consejo Directivo
274	Acuerdo 008 Consejo Directivo
275	Decreto 0124 Ministerio De Defensa
276	Acuerdo CD 028 Consejo Directivo
277	Acuerdo CD 014 Consejo Directivo
278	Resolución 02576 Rectoria
279	Acta 14 Consejo Directivo
280	Acuerdo CD 02 Consejo Directivo
281	Acuerdo CD 002 Consejo Directivo
282	Acuerdo 20 Consejo Directivo
283	Acuerdo CD Consejo Directivo
284	Acta 02 Asamblea General
285	Acta 152 Asamblea De Fundadores Y Miembros Emeritos
286	Acta 08 Asamblea General
287	Acta 005 Asamblea Consejo De Fundadores
288	Acta 113 Asamblea
289	Acta 112 Asamblea De Fundadores
290	Acta CS 1204 Consejo Superior
291	Acta 02 Comite Directivo
292	Acta 005001 Asamblea
293	Resolución CS 156 Consejo Superior
294	Acuerdo 123 Consejo Superior
295	Acta 022023 Consejo
296	Acta 2 Sala General
297	Acta 3 Sala General
298	Acta 56 Asamblea General
299	Acuerdo 13 Asamblea General
300	Acuerdo 018 Consejo Directivo
301	Acuerdo 04023 Asamblea General
302	Acuerdo 06 Consejo De Fundadores
303	Acta 53 Consejo Directivo
304	Acta 053 Consejo Directivo
305	Acta CS 001 Consejo Superior
306	Asamblea General 012023 Asamblea
307	Acuerdo CD 423 Consejo Directivo
308	Resolución 076 Junta De Gobierno
309	Acta CS 0501 Consejo Superior
310	Acta CS 389 Consejo Superior
311	Acta CS 14 Consejo Superior
312	Acta 03 Asamblea General
313	Acta 07 Asamblea General
314	Acta E03 Asamblea
315	Acta E04 Asamblea General
316	Acta 001 Asamblea General
317	Acta 039 Sala General
318	Acta 60 Sala General
319	Acta 0612023 Sala General
320	Acta 1 Asamblea De Corporados
321	Acta AG40 Asamblea De Corporados
322	Acta CS 07 Consejo Superior
323	Acta 0032024 Sala General
324	Acta 082023 Sala General
325	Acta CS 002 Consejo Superior
326	Acta CS 005 Consejo Superior
327	Acuerdo 007 Consejo Directivo
328	Acta 93 Consejo Superior
329	Resolución CS 003 Consejo Superior
330	Resolución CS 001 Consejo Superior
331	Decreto 14 Arquidiocesis De Santafe De Antioquia
332	Resolución 0499 Armada Nacional
333	Resolución 0232 Ministerio De Defensa
334	Admon De P 201631 Comando Del Ejercito Nacional
335	Acuerdo CD 012 Consejo Directivo
336	Acuerdo CD 011 Consejo Directivo
337	Acta 014 Consejo Directivo
338	Acuerdo 085 Consejo Directivo
339	Acuerdo 024 Consejo Directivo
340	Acuerdo 014 Consejo Directivo
341	Acuerdo CD 20 Consejo Directivo
342	Acuerdo 10 Consejo Directivo
343	Acuerdo CD 025 Consejo Directivo
344	Acuerdo 019 Consejo Directivo
345	Acuerdo CD 019 Consejo De Direccion
346	Acuerdo 003 Asamblea De Fundadores Y Miembros Emeritos
347	Acuerdo 011 Asamblea De Fundadores Y Miembros Emeritos
348	Acta 0520 Asamblea
349	Acta 062021 Asamblea
350	Acta 2 Conciliatura
351	Acta 6 Consejo Superior
352	Acta 12 Consejo Superior
353	Acta 58 Asamblea General
354	Resolución 020 Presidencia
355	Acta 140 Sala General
356	Acta CS 49 Consejo Superior
357	Acuerdo 001 Consejo Superior
358	Acuerdo CS 063 Consejo Superior
359	Acuerdo CS 128 Consejo
360	Resolución 3 Presidente De La Asamblea General
361	Ordenanza 1 Asamblea General
362	Acuerdo 05 Consejo Directivo
363	Acuerdo CD 03 Consejo Directivo
364	Resolución 02 Rectoria
365	Acta 31 Consejo
366	Acta CS 327 Consejo Superior
367	Acta 092 Asamblea
368	Acta 71 Consejo Directivo
369	Acuerdo CS 100 Consejo Superior Universitario
370	Acta CS 056 Consejo Superior
371	Acta 002 Junta Directiva
372	Acuerdo 008 Sala General
373	Acuerdo 009 Sala General
374	Acta 249 Sala General
375	Acuerdo 0442024 Sala General
376	Acuerdo 041 Sala General
377	Acuerdo 01 Asamblea General
378	Acuerdo CS 05 Consejo Superior
379	Acuerdo 12 Consejo Superior
380	Acta CD 002 Consejo De Direccion
381	Acta 003 Asamblea De Miembros Fundadores
382	Acta 01 Consejo Directivo
383	Asamblea General 089 Asamblea General
384	Asamblea General 088 Asamblea General
385	Acta 083 Asamblea General
386	Acta 14 Sala General
387	Acuerdo 01 Consejo De Fundadores
388	Acuerdo 012024 Consejo De Fundadores
389	Acta Sala General
390	Acuerdo CS 003 Consejo Superior
391	Acta 08 Sala General
392	Resolución 4983 Ministerio De Defensa Nacional
393	Resolución 052 Ministerio De Defensa Nacional
394	Resolución 7426 Ministerio De Defensa
395	Decreto 95 Ministerio De Defensa Nacional
396	Resolución 00008922 Comando Del Ejercito Nacional
397	Decreto 360 Ministerio De Cultura
398	Decreto 1731 Presidencia
399	Acuerdo 001 Consejo De Fundadores
400	Certificación 002 Secretaria General
401	Acta 3420 Asamblea General
402	Acta CS 096 Consejo Superior
403	Acta CS 004 Consejo Superior
404	Acta CS 63 Consejo Superior
405	Acuerdo 23 Consejo Superior
406	Acta 021 Consejo Directivo
407	Certificación Gerencia Institucional
408	Decreto C001 Canciller
409	Acuerdo 002 Consejo Fundador
410	Acta 001 de 2024 Asamblea De Corporados
411	Acuerdo 001 de 2024 Consejo Superior
412	Acta 28 Consejo Superior
413	Acta 08 Consejo Superior Universitario
414	Acta CS 08 Consejo Superior Universitario
415	Decreto 009 Capitulo Universitario
416	Acta Funda 42 Asamblea De Fundadores
417	Acta 21 Asamblea Fundadores
418	Acta 130 Consejo Directivo
419	Acuerdo CS 099 Consejo Superior
420	Acta 051 Sala De Gobierno
421	Acta 64 Consejo
422	Acuerdo 013 Asamblea De Fundadores
423	Acuerdo 002 Asamblea De Fundadores
424	Acta CS 076 Consejo Superior
425	Acta CD 001 Consejo Directivo
426	Acta 001 Asamblea De Fundadores
427	Resolución 001 Presidencia
428	Resolución CS 43 Consejo Superior
429	Acta CS CS092023 Consejo Superior
430	Acta 01 Asamblea
431	Acta 003 Asamblea De Fundadores
432	Acta 93 Consejo De Direccion
433	Acta 07 Junta Directiva
434	Resolución 004 Junta Directiva
435	Resolución 18 Consejo Directivo
436	Resolución 00147 Fiscalia General De La Nacion
437	Acta 1 Asamblea General
438	Acuerdo na Consejo Superior
439	Acuerdo 45 Consejo Superior
440	Acta 019 Asamblea De Fundadores
441	Acta 016 Asamblea De Fundadores
442	Acta CS 67 Consejo Superior
443	Acuerdo 001 Asamblea General
444	Acuerdo 013 Consejo Superior
445	Acuerdo 004 Asamblea De Fundadores
446	Acuerdo CD 100 Consejo Directivo
447	Acta 008 Consejo De Fundadores
448	Resolución 001 Consejo Directivo
449	Decreto 2306 Ministerio De Defensa
450	Acuerdo 01 Sala General
451	Decreto 20062024 Canciller De La Fundacion
452	Resolución 766 Ministerio De Transporte
453	Decreto 2597 Gobierno Nacional
454	Acta 002 Consejo De Fundadores
455	Acuerdo CD 032023 Consejo Directivo
456	Acta 00124 Asamblea De Fundadores
457	Acta 001 Asamblea Consejo De Fundadores
458	Decreto 157 Consejo Fundador
459	Acuerdo CD 559 Consejo Directivo General
460	Acta CD 25 Consejo Directivo
461	Acuerdo 001 Asamblea De Miembros Fundadores
462	Acta 110 Consejo Fundacional
\.


COPY public.directivos (cod_directivo, nomb_directivo, apell_directivo) FROM stdin;
1	ADELSABEL	CHAMORRO RAMÍREZ
2	ADOLFO	MEISEL ROCA
3	ADOLFO FERNANDO	GOMEZ PADILLA
4	ADRIANA	SUAREZ ARGUELLO
5	ADRIANA LUCIA	GARNICA ALVAREZ
6	ADRIANO	MUÑOZ BARRERA
7	ALBA LUCIA	CORREDOR GOMEZ
8	ALBEIRO	OSPINA RENDON
9	ALBERTO	CADENA ANGARITA
10	ALBERTO	SERRANO ACEVEDO
11	ALBERTO ENRIQUE	ROA VARELO
12	ALCIRA	CANO
13	ALDO	HERNÁNDEZ BARRIOS
14	ALEJANDRA	ACOSTA HENRIQUEZ
15	ALEJANDRO	NOGUERA CEPEDA
16	ALEJANDRO	SUAREZ PARADA
17	ALEJANDRO	VÁSQUEZ TIECK
18	ALEJANDRO	VILLA GOMEZ
19	ALENIS JAXMITH	PICON JAIMES
20	ALFONSO	REYES ALVARADO
21	ALIRIO	BARBOSA PEÑA
22	ALMA LUCIA	DIAZ GRANADOS MELENDEZ
23	ÁLVARO JOSÉ	ARANGO RESTREPO
24	AMAURY NICOLAS	VELEZ TRUJILLO
25	AMURY NICOLAS	VELEZ TRUJILLO
26	ANA JULIA	RIOS QUIROGA
27	ANA MARIA	PIÑEROS RICARDO
28	ANABELA	VILLA SAAVEDRA
29	ANDREA	CONCHA SALAZAR
30	ANDRES GUILLERMO	MARRUGO HERNANDEZ
31	ANDRES MIGUEL	CASALETH FACIOLINCE
32	ANGELA GABRIELA	BERNAL MEDINA
33	ANGELA MARIA	DE VALDENEBRO CAMPO
34	ANGELA MARIA	MERCHAN BASABE
35	ANGELICA	QUINTERO CALLE
36	ANGELICA YANETH	VIDAL HERNÁNDEZ
37	ANTONIO JULIO	COPETE VILLA
38	ARCESIO JULIAN	CASTRO AGUDELO
39	ARIOSTO	ARDILA SILVA
40	ARTURO ANTONIO	CORTES SYMES
41	AURA MARIA	VASCO OSPINA
42	BEHITMAN ALBERTO	CESPEDES DE LOS RIOS
43	BIBIANA	VELEZ MEDINA
44	BLANCA JULIET	RINCON CARREÑO
45	BRIGITTE LUIS GUILLERMO	BAPTISTE BALLERA
46	CAMILO	QUINTANA MEJIA
47	CAMILO MAURICIO	GUTIERREZ OLANO
48	CARLOS	PEREZ CASTRO
49	CARLOS ALBERTO	BARÓN WANDURRAGA
50	CARLOS ANDRES	GOMEZ VERGARA
51	CARLOS ANDRES	VALLEJO PARRA
52	CARLOS ANDRÉS	PÉREZ GALINDO
53	CARLOS ARTURO	ROBLES JULIO
54	CARLOS AUGUSTO	NARVAEZ DIAZ
55	CARLOS EDUARDO	JARAMILLO SANINT
56	CARLOS ENRIQUE	CARDONA QUICENO
57	CARLOS ENRIQUE	RAMÍREZ ROBLEDO
58	CARLOS ESTEBAN	MAZO CUERVO
59	CARLOS FERNANDO	PARRA FERRO
60	CARLOS HUMBERTO	TELLEZ CONTI
61	CARLOS IVAN	MARTINEZ URREA
62	CARLOS JULIO	BERNAL SEGURA
63	CARLOS MAURICIO	GARCÍA HOYOS
64	CARLOS ORLANDO	FERREIRA PINZON
65	CARLOS URBANO	SÁNCHEZ GAITÁN
66	CARMEN	BERNAL DE ARDILA
67	CARMEN CECILIA	QUERO DE GONZALEZ
68	CARMEN CECILIA	QUINTERO LOZANO
69	CARMEN ELISA	ACOSTA PEÑALOZA
70	CARMENZA INES	RENDON ECHEVERRI
71	CAROLINA	ROMERO JARAMILLO
72	CECILIA	GARCIA PADILLA
73	CECILIA DOLORES	CORREA DE MOLINA
74	CECILIA ISABEL	ORDOÑEZ DE COLUNGE
75	CHARLES	GALLARDO HUMPHRIES
76	CHARLES ROBIN	AROSA CARRERA
77	CHRISTIAN ALEXANDER	LEGUIZAMON ZARATE
78	CIRO ALBERTO	DUARTE JAIMES
79	CLAUDIA MARCELA	GUARNIZO VARGAS
80	CLAUDIA MILENA	GARCIA CASTILLO
81	CLAUDIA MILENA	HERNANDEZ NARANJO
82	CLAUDIA PATRICIA	RESTREPO MONTOYA
83	CLAUDIA PATRICIA	URIBE ZAMBRANO
84	CLAUDIA XIMENA	TORRES ORTEGA
85	CLAUDIO AQUILES	OSORIO LENTINO
86	CRISTINA	MATIZ MEJÍA
87	DANIEL	DURÁN BARRERA
88	DANIEL	LOPERA MOLANO
89	DANIEL ANTONIO	FLOREZ PEREZ
90	DANIEL FELIPE	CASTAÑO TABARES
91	DANILO MANZILLER	DIAZ CARMONA
92	DANILO RAFAEL	HERNANDEZ RODRIGUEZ
93	DAVID EMILIO	MOSQUERA VALENCIA
94	DEIBAR RENE	HURTADO HERRERA
95	DIANA JOSEFINA	TELLEZ FANDIÑO
96	DIANA MARGARITA	PÉREZ CAMACHO
97	DIANA PAOLA	NARVAEZ LOPEZ
98	DIANA PATRICIA	CAMARGO RAMIREZ
99	DIEGO ALONSO	MARULANDA DÍAZ
100	DIEGO FERNANDO	BUITRAGO NAVARRO
101	DIEGO FERNANDO	HERNANDEZ LOSADA
102	DIEGO FERNANDO	JARAMILLO LOPEZ
103	DIEGO FERNANDO	RIVERA FUQUENE
104	DIEGO LUIS	RENDÓN URREA
105	DIEGO MAURICIO	MAZO CUERVO
106	DIONISIO FERNANDO	VELEZ TRUJILLO
107	DUBER ALEXIS	CASTRILLON QUIROZ
108	DUSAN ALBIN	VELEZ TRUJILLO
109	DUVAN EMILIO	RAMIREZ OSPINA
110	EDGAR ALBERTO	MUÑOZ VARGAS
111	EDGAR ANTONIO	SANCHEZ ORTIZ
112	EDGAR ERNESTO	SANDOVAL ROMERO
113	EDGAR IGNACIO	DIAZ SANTOS
114	EDINSON RAFAEL	CASTRO ALVARADO
115	EDNA MARGARITA	MARTINEZ ACOSTA
116	EDUARDO	BEHRENTZ VALENCIA
117	EDUARDO ALFONSO	CRISSIEN BORRERO
118	EDUIN ALBERTO	SALAZAR GIRALDO
119	ELKIN DE JESUS	NARVAEZ GOMÉZ
120	ELKIN JOSE	HERNANDEZ CUELLO
121	ELSA GLADYS	CIFUENTES ARANZAZU
122	EMILIA	RESTREPO GOMEZ
123	ENRIQUE	VARGAS LLERAS
124	ENRIQUE	VERA LÓPEZ
125	ERNESTO	LONDOÑO OROZCO
126	ERNESTO	PARRA HERRERA
127	ESTEBAN	PIEDRAHITA URIBE
128	ESTELA MARIA	BARRETO ALVAREZ
129	ESTHER	MARTÍNCARO ÁLAMO
130	FABER ANDRES	ALZATE ORTIZ
131	FABI SAID	CASTRO CASTILLA
132	FABIO	BURITICA BERMEO
133	FABIO HERNANDO	ARIAS OROZCO
134	FABIOLA	MONTERO OJEDA
135	FELIPE	BAENA BOTERO
136	FELIPE	HERNANDEZ DE ALBA ALBORNOZ
137	FERNANDO	GUTIERREZ SOLANO
138	FERNANDO ARTURO	SOLER LOPEZ
139	FERNANDO CARLOS	TINOCO TAMARA
140	FERNANDO JOSE	RESTREPO ESCOBAR
141	FERNANDO RAFAEL	NAVARRO SIBAJA
142	FLOR NANCY	DIAZ PIRAQUIVE
143	FRANCISCO	BARBERI OSPINA
144	FRANCISCO ALFONSO FERNANDO	PAREJA GONZALEZ
145	FRANCISCO ANTONIO	URIBE GOMEZ
146	FRANCISCO JOSÉ	GOMEZ ORTIZ
147	FRANZ DIETER	HENSEL RIVEROS
148	GABRIEL ALBERTO	RODRÍGUEZ JIMÉNEZ
149	GABY EDITH	TINTINAGO NARVAEZ
150	GERARDINO	VIVAS HERNANDEZ
151	GERMAN	ANZOLA MONTERO
152	GERMAN	COLONIA ALCALDE
153	GINA ESMERALDA	HERNANDEZ NARANJO
154	GINA MARCELA	BARRETO MORENO
155	GIOVANNI	ROJAS CASTRO
156	GIOVANNY MAURICIO	TARAZONA BERMÚDEZ
157	GLORIA PIEDAD	BARRETO BONILLA
158	GUILLERMO	HOYOS GOMEZ
159	GUILLERMO	MURILLO VARGAS
160	GUILLERMO	USECHI VELATEGUI
161	GUSTAVO	MENDEZ PAREDES
162	GUSTAVO ADOLFO	MORENO LÓPEZ
163	GUSTAVO ADOLFO	QUINTERO HERNANDEZ
164	GUSTAVO ADOLFO	RUBIO LOZANO
165	GUSTAVO ADOLFO	TELLEZ FANDIÑO
166	GUSTAVO ANTONIO	MENDIETA GONZÁLEZ
167	HAROLD DE JESUS	CASTILLA DEVOZ
168	HECTOR	SANCHEZ COLLAZOS
169	HECTOR ALFONSO	RODRIGUEZ DIAZ
170	HECTOR HERNAN	MOLANO CORTES
171	HELBERTH AUGUSTO	CHOACHÍ GONZÁLEZ
172	HELIS HERNAN	BARRAZA DIAZ
173	HENRY LURBEY	HUESO
174	HENRY MAURICIO	DIEZ SILVA
175	HERNÁN	PORRAS DÍAZ
176	HERNAN MAURICIO	CHAVES ARDILA
177	HOLME HARRINSO	GUTIERREZ BAUTISTA
178	HUBERTO	OBANDO GIL
179	HUGO ALBERTO	GONZALEZ LOPEZ
180	HUGO ALBERTO	VALENCIA PORRAS
181	HULDY DAYANNY	TRIANA MARTINEZ
182	INES ALBERTINA	ECIMA VALBUENA
183	INGRID LORENA	CAMPOS VARGAS
184	ISAAC	MORENO DE CARO
185	IVALDO	TORRES CHAVEZ
186	IVÁN	ESCOBAR ESCOBAR
187	IVONNE LILIANA	COCOMA LOZANO
188	JADER ALEXIS	CASTAÑO RICO
189	JAIME	ALONSO GALINDO
190	JAIME ALBERTO	LEAL AFANADOR
191	JAIME ALBERTO	RINCON PRADO
192	JAIME ALBERTO	SARMIENTO MARTINEZ
193	JAIME LEÓN	DE LA OSSA VELÁSQUEZ
194	JAIR	BEJARANO DUQUE
195	JAIR ANDRES	MAHECHA FARFAN
196	JAIRO	ARANGO VAN HOUTEN
197	JAIRO ALEXANDER	OSORIO SARAZ
198	JAIRO ALONSO	MOLINA ARANGO
199	JAIRO ANTONIO	GUERRERO GARCÍA
200	JAIRO AUGUSTO	CASTRO CASTRO
201	JAIRO AUGUSTO	RODELO SIERRA
202	JAIRO MIGUEL	TORRES OVIEDO
203	JAMES ENRIQUE	FERNANDEZ CORDOBA
204	JASSON ALBERTO	DE LA ROSA ISAZA
205	JAVIER ALBERTO	AYALA AMAYA
206	JAVIER ALFREDO	BARRERA PARDO
207	JAVIER ALONSO	ARANGO PARDO
208	JAVIER RICARDO	VASQUEZ HERRERA
209	JEANPIERRE OSWALDO	ZAMBRANO PALMA
210	JEIVER FERNANDO	GUTIERREZ ENCISO
211	JENNY ROCIO	RODRIGUEZ SANCHEZ
212	JENNY SONIA	FAJARDO FORERO
213	JESUS ALBERTO	ESPINOSA SEPULVEDA
214	JESUS ANTONIO	RUIZ RAMIREZ
215	JHOE NILSON	SAUCA GURRUTE
216	JIMENA	HURTADO PRIETO
217	JOANNA ALEXANDRA	ACEVEDO TERAN
218	JOCELINE	AZAR NIGRINIS
219	JOHN HENRY	RUIZ MURCIA
220	JOHN JAIRO	ARBOLEDA CÉSPEDES
221	JOHN MAURICIO	ACUÑA ALDANA
222	JOHN ROMEIRO	SERNA PELAEZ
223	JOHNY JOSE	GARCIA TIRADO
224	JONH JAIRO	MENDEZ ARTEAGA
225	JORGE	GARZÓN ORJUELA
226	JORGE	GÓMEZ DUARTE
227	JORGE ALBEIRO	HERRERA BUILES
228	JORGE ALEJANDRO	GOMEZ ARANGO
229	JORGE CAMILO	RINCON BELTRAN
230	JORGE CLEMENTE	NOGUERA CALDERON
231	JORGE EDUARDO	LONDOÑO ULLOA
232	JORGE ENRIQUE	SENIOR MARTINEZ
233	JORGE IGNACIO	GIRALDO PUERTA
234	JORGE IVAN	BULA ESCOBAR
235	JORGE LUIS	VALDÉS BARRAGÁN
236	JORGE OLIVERIO	RICO TOVAR
237	JORGE ORLANDO	ALARCÓN NIÑO
238	JORGE ORLANDO	GAITAN ARCINIEGAS
239	JOSÉ AGUSTÍN	MONROY PALACIO
240	JOSE ALBEIRO	ROMERO CEBALLOS
241	JOSE ALBERTO	MORILLO RODRIGUEZ
242	JOSÉ ANTONIO	BALAGUERA CEPEDA
243	JOSE AUGUSTO	RAMIREZ DIAZ
244	JOSE BERTULFO	SOTO SANCHEZ
245	JOSÉ EDGAR	GÓMEZ BETANCOURT
246	JOSE EDUARDO	CRISSIEN ORELLANO
247	JOSE EMILIO	JIMENEZ IBAÑEZ
248	JOSÉ EUSEBIO	CONSUEGRA BOLÍVAR
249	JOSÉ FERNANDO	MANCIPE
250	JOSE GREGORIO	RODRIGUEZ SUAREZ
251	JOSÉ HERNANDO	BAHAMÓN LOZANO
252	JOSE JAVIER	BUSTOS CORTES
253	JOSE LEONARDO	VALENCIA MOLANO
254	JOSE LUIS	MACIAS RODRIGUEZ
255	JOSE MANUEL	RESTREPO ABONDANO
256	JOSE MAURICIO	BUSTAMANTE MESA
257	JOSE PATRICIO	LOPEZ JARAMILLO
258	JOSE RAFAEL	CONSUEGRA MACHADO
259	JOSÉ RODRIGO	FLÓREZ RUIZ
260	JOSE TOBIAS	BETANCOURT LADINO
261	JOSE VICENTE	VILLAMIZAR DURAN
262	JOSELYN	ZARATE GIRALDO
263	JUAN	CHOQUE FERNANDEZ
264	JUAN ALBERTO	ARRAUT CAMARGO
265	JUAN ALFREDO	PINTO SAAVEDRA
266	JUAN CAMILO	MONTOYA BOZZI
267	JUAN CAMILO	RESTREPO TAMAYO
268	JUAN CAMILO	VERA GARZON
269	JUAN CARLOS	APONTE ROMERO
270	JUAN CARLOS	BELTRAN GOMEZ
271	JUAN CARLOS	LOAIZA SERNA
272	JUAN CARLOS	MEJIA GIRALDO
273	JUAN CARLOS	SUAREZ DELGADILLO
274	JUAN CARLOS	URRIAGO FONTAL
275	JUAN CARLOS DE MARIA	SAMPEDRO ARRUBLA
276	JUAN DAVID	GOMEZ FLOREZ
277	JUAN FELIPE	AGUDELO GARCIA
278	JUAN FELIPE	ALVAREZ VILLA
279	JUAN FERNANDO	CÓRDOBA MARENTES
280	JUAN FERNANDO	MAZO CUERVO
281	JUAN FERNANDO	MEJIA CHEVERRI
282	JUAN FERNANDO	MEJIA ECHEVERRI
283	JUAN FERNANDO	MONTAÑEZ MARCIALES
284	JUAN GABRIEL	TORO BOTERO
285	JUAN JOSE	ACOSTA OSSIO
286	JUAN MANUEL	CASAS SÁNCHEZ
287	JUAN MANUEL	LINARES VENEGAS
288	JUAN MANUEL	TORO ESCOBAR
289	JUAN PABLO	ARBOLEDA GAVIRIA
290	JUAN SANTIAGO	RODRÍGUEZ DUEÑAS
291	JUAN SEBASTIAN	DE ZUBIRIA RAGO
292	JUANA LAURA VICTORIA	GARCÍA MATAMOROS
293	JULIAN ANDRES	BELTRAN
294	JULIÁN ANTONIO	HINCAPIÉ LÓPEZ
295	JULIANA	LESMES QUINTERO
296	JULIO ARMANDO	SALLEG TABOADA
297	JUSTO HERNANDO	MURCIA PULIDO
298	KETTY PAOLA	PINTO CASTILLO
299	LAURA LILIANA	CASTILLO ORTIZ
300	LEONARDO	GARCIA BOTERO
301	LEONARDO	GOMEZ HERNANDEZ
302	LEONARDO	VILLAMIL GAMBA
303	LEONARDO ENRIQUE	TAMAYO TAMAYO
304	LEONARDO FABIO	PÉREZ SUESCÚN
305	LEONEL	RUBIANO VILLA
306	LEONOR CRISTINA	MOJICA SANCHEZ
307	LEOPOLDO ALBERTO	MUNERA RUIZ
308	LIDIA MARÍA DEL SOCORRO	FLOREZ DE ALVIS
309	LILIA CRISTINA	FANDIÑO GRISALES
310	LILIANA	CAMACHO RIOS
311	LILIANA ISABEL	DIAZ CABRERA
312	LILIANA MILENA	RAMOS BARRIOS
313	LINA	URIBE CORREA
314	LINA MARIA	LONDOÑO GAVIRIA
315	LINA MARÍA	CEPEDA MELO
316	LUCÍA DEL PILAR	BOHORQUEZ AVENDAÑO
317	LUCIA MERCEDES	DE LA TORRE URAN
318	LUIS ALFONSO	PEREZ GUERRA
319	LUIS ALFREDO	CHACON CONTRERAS
320	LUIS ARMANDO	VALENCIA VALENCIA
321	LUIS EDUARDO	RAMIREZ SUAREZ
322	LUIS EDUARDO	RODRIGUEZ ORJUELA
323	LUIS EDUARDO	RUBIANO GUAQUETA
324	LUIS ENRIQUE	PARADA PEREZ
325	LUIS ENRIQUE	PÉREZ OJEDA
326	LUIS FERNANDO	FAJARDO FORERO
327	LUIS FERNANDO	MUNERA CONGOTE
328	LUIS FERNANDO	OJALVO PRIETO
329	LUIS FERNANDO	POLANÍA OBANDO
330	LUIS FERNANDO	SALGADO ROMERO
331	LUIS GABRIEL	COLUNGE ORDOÑEZ
332	LUIS GABRIEL	PIÑEROS RICARDO
333	LUIS GUILLERMO	LAVERDE TORRES
334	LUIS HERNÁN	CORTÉS NIÑO
335	LUIS HERNANDO	PARRA NIETO
336	LUZ ALEXANDRA	ROCHA AREVALO
337	LUZ ANGELA	TRIVIÑO RODRÍGUEZ
338	LUZ PIEDAD	CORREA ZULETA
339	LUZ STELLA	GOMEZ LIMA
340	LUZ STELLA PATRICIA	VÁSQUEZ POSADA
341	MAGDA CONSTANZA	MOTTA VELASCO
342	MANUEL ANTONIO	MUÑOZ GIRON
343	MANUEL DOMINGO	ROJAS SALGADO
344	MANUEL ENRIQUE	ZAFRA MEJÍA
345	MARCELA MARIA	YEPES GOMEZ
346	MARCO TULIO	CALDERÓN PEÑALOZA
347	MARGARITA	AÑEZ SAMPEDRO
348	MARGARITA MARÍA	CARMONA GIRALDO
349	MARÍA ALEJANDRA	RODRIGUEZ DUARTE
350	MARIA CLARA	RANGEL GALVIS
351	MARIA CRISTINA	BOHORQUEZ GRANADOS
352	MARIA DEL CARMEN	SANCHEZ MAJANA
353	MARIA DEL ROSARIO	GUTIERREZ DE PIÑERES PERDOMO
354	MARIA ESPERANZA	LUNA PARRA
355	MARIA FATIMA	BECHARA CASTILLA
356	MARIA JAEL	ARANGO BARRENECHE
357	MARIA LUCIA	CASAS PARDO
358	MARIA MARGARITA	CARRASCO RAMIREZ
359	MARIA PAOLA	PODESTA CORREA
360	MARIA RUTH	HERNANDEZ MARTINEZ
361	MARIO	POSADA GARCÍA PEÑA
362	MARIO	RAMOS VELEZ
363	MARIO ARTURO	ISAZA RUGET
364	MARIO FERNANDO	DIAZ PAVA
365	MARITZA	RONDON RANGEL
366	MARITZA MARLENY	GOMEZ BARRETO
367	MARTHA LILIANA	MARIN CANO
368	MARTHA PATRICIA	CASTELLANOS SAAVEDRA
369	MAURA TERESA	ACEVEDO BARON
370	MAURICIO	GUEVARA MARIN
371	MAURICIO	OLIVERA GONZALEZ
372	MIGUEL ANGEL	CANCHALA DELGADO
373	MIGUEL ANGEL	HENRIQUEZ LOPEZ
374	MIGUEL ANTONIO	AVILA FIGUEROA
375	MONICA VIVIANA	RUEDA ROJAS
376	NANCY LILIANA	MAHECHA BEDOYA
377	NANCY YOLANDA	WILLIAMS CAICEDO
378	NATALIA	RUIZ RODGERS
379	NATALIA ANDREA	FORERO GOMEZ
380	NELLY TERESA	BAUTISTA MOLLER
381	NELSON	GALLEGO OROZCO
382	NELSON	MANCIPE PINZON
383	NESTOR ALEXANDER	DUQUE LONDOÑO
384	NESTOR RAÚL	POSADA ARBOLEDA
385	NEYL	GRISALES ARANA
386	NIDIA	GUZMÁN DURÁN
387	NIKY ALEXANDER	MURCIA SUAREZ
388	NUBIA ESPERANZA	RODRIGUEZ CALDERON
389	OLGA MARIA	GOMEZ LOZADA
390	OLGA PATRICIA	PARRA SARMIENTO
391	OLINTO EDUARDO	QUIÑONES QUIÑONES
392	OMAR	LENGERKE PEREZ
393	OMAR ALBEIRO	MEJÍA PATIÑO
394	ORFA MARGARITA	GIRALDO ALZATE
395	ORIOL	JIMENEZ SILVA
396	OSCAR DARLEY	BAÉZ PINTO
397	OSCAR EDUARDO	CHAVARRO ARIAS
398	OSCAR EDUARDO	GUAYAN PERDOMO
399	OSCAR JAVIER	ZAPATA GOMEZ
400	OSCAR MAURICIO	GOMEZ MUÑOZ
401	OSCAR ORLANDO	PORRAS ATENCIA
402	OVIDIO	LOPEZ ROBAYO
403	PABLO	MORENO PALACIOS
404	PABLO FRANCISCO	LOPEZ INSUASTY
405	PABLO HERNAN	VERA SALAZAR
406	PAOLA ANDREA	LESMES QUINTERO
407	PATRICIA	CHEJNE FAYAD
408	PATRICIA	MARTÍNEZ
409	PATRICIA DEL PILAR	MARTINEZ BARRIOS
410	PATRICIA ISABEL	LEQUERICA MORENO
411	PAULA ANDREA	BOTERO BERMÚDEZ
412	PAULA ANDREA	LÓPEZ LÓPEZ
413	PAULA MARCELA	AMADO KATTAH
414	PEDRO PABLO	OSPINA OSORIO
415	PRÓSPERO JOSÉ	POSADA MYER
416	RAFAEL	FIGUEROA CASANOVA
417	RAFAEL ALEJANDRO	BETANCOURT DURANGO
418	RAQUEL	BERNAL SALAZAR
419	RAUL	JORDAN BALANTA
420	RAUL ANDRES	PARRA FERRO
421	RAUL MAURICIO	ACOSTA LEMA
422	RENE	MARTINEZ PRIETO
423	RICARDO	GOMEZ GIRALDO
424	RICARDO ALONSO	PULIDO AGUILAR
425	RICARDO AURELIO	STRIEDINGER CEPEDA
426	RICARDO ENRIQUE	GUTIERREZ MARIN
427	RICARDO MAURICIO	COCOMA LOZANO
428	RICHAR ALBERTO	RANGEL MARTINEZ
429	ROBER TRINIDAD	ROMERO RAMÍREZ
430	ROBERTO	ARANGO DELGADO
431	ROBERTO JOSE	GUZMAN VILLANUEVA
432	RODOLFO	PEREZ VASQUEZ
433	RODRIGO FERNANDO	ACOSTA TRUJILLO
434	ROLANDO	BECHARA CASTILLA
435	ROLANDO ANDRES	RONCANCIO RACHID
436	ROMELIA	ÑUSTE CASTRO
437	ROSA AMALIA	CUERVO DE CORREAL
438	RUBBY SHIRLEY	AGUILAR VILLANUEVA
439	RUBEN DARÍO	MANTILLA SANDOVAL
440	RUTH	SANCHEZ PEREA
441	SACRA NORMA	NADER DAVID
442	SANDRA	ORTEGA SIERRA
443	SANDRA BIBIANA	CASTILLO CASTILLO
444	SANDRA DE LAS LAJAS	TORRES PAZ
445	SANDRA INES	SALAVARRIETA HIGUERA
446	SANDRA LILIANA	NAVARRO PARRA
447	SANDRA LUCIA	BOLAÑOS DELGADO
448	SANDRA PATRICIA	VALENCIA ZULUAGA
449	SANDRA ROCIO	RAMIREZ MARTINEZ
450	SANDRA YANETH	WILCHES DURÁN
451	SANTIAGO	ORJUELA GREIFFENSTEIN
452	SERGIO	PARIS MENDOZA
453	SERGIO AUGUSTO	PARRA DUARTE
454	SERGIO IVÁN	ROJAS DIAZ
455	SILVIA	CARO SPINEL
456	SONIA CAROLINA	PERALTA DIAZ
457	SONIA HERMINIA	ROA TRUJILLO
458	STEPHANIE	LAVAUX
459	SUSAN ANDREA	RODRÍGUEZ RODRÍGUEZ
460	TARANEH	REZVANI DERAKHSHAN
461	TOMÁS	VÁSQUEZ URIBE
462	URIAS	ROMERO ROMERO
463	URIEL ANTONIO	SANCHEZ ADARRAGA
464	VICENTE	DURÁN CASAS
465	VICENTE	LEAL RINCÓN
466	VICTORIA EUGENIA	PATIÑO ARENAS
467	VIVIANA ALEJANDRA	ALVAREZ RESTREPO
468	WILLIAM ANTONIO	CORREA PAREJA
469	WILLIAM DE JESÚS	MONTOYA SIERRA
470	WILLIAN	MALKUN CASTILLEJO
471	WILMAR ALEXANDER	CHINCHILLA MORENO
472	YIDIO ALBERTO	ÁLVAREZ HUMANES
473	YOBANA ANDREA	TOBON CORREA
474	YOISSE NATHALY	VELASCO RODRÍGUEZ
\.
COPY public.rectoria (cod_directivo, cod_inst, cod_cargo, cod_nombram, fecha_inicio, fecha_final) FROM stdin;
1	1725	3	78	31/03/2024	14/07/2025
1	1725	4	78	31/03/2024	14/07/2025
2	1713	1	55	01/07/2023	01/07/2028
2	1713	2	55	01/07/2023	01/07/2028
3	4837	2	234	17/03/2022	17/03/2025
4	1833	1	135	04/06/2009	\N
5	9923	2	441	29/11/2021	29/11/2024
6	1214	2	33	16/12/2023	16/12/2027
6	1214	1	33	16/12/2023	16/12/2027
6	1215	2	34	15/12/2019	15/12/2023
6	1215	1	34	15/12/2019	15/12/2023
6	1216	2	34	15/12/2019	15/12/2023
6	1216	1	34	15/12/2019	15/12/2023
7	4817	2	374	24/01/2020	\N
7	9119	1	173	16/02/2008	\N
7	9119	2	173	16/02/2008	\N
8	1718	7	67	01/07/2024	\N
9	9122	1	407	17/09/2012	\N
9	9122	2	407	17/09/2012	\N
10	3201	3	278	01/06/2023	\N
10	3201	4	278	01/06/2023	\N
11	1832	1	132	15/05/2018	\N
11	1832	2	132	15/05/2018	\N
12	2838	7	255	20/12/2021	\N
13	2712	1	170	27/06/2023	26/06/2025
14	1735	7	91	25/08/2016	\N
14	1735	1	91	05/09/2016	\N
15	2704	7	160	15/08/2023	\N
16	2709	7	165	27/04/2022	\N
16	2709	14	165	27/04/2022	\N
17	2833	2	245	31/03/2022	\N
18	3302	1	282	30/11/2021	29/11/2025
18	3302	2	282	30/11/2021	29/11/2025
19	3702	2	284	05/08/2024	\N
19	3702	1	284	05/08/2024	\N
20	1831	2	129	01/10/2022	30/09/2024
20	1831	1	129	01/10/2022	30/09/2024
21	9915	2	433	02/11/2023	02/11/2025
22	1713	8	56	06/09/2004	\N
23	1704	6	43	13/07/2023	12/07/2027
23	1704	2	43	13/07/2023	12/07/2027
23	1705	2	44	13/07/2023	12/07/2027
23	1732	2	44	13/07/2023	12/07/2027
23	9943	2	44	13/07/2023	12/07/2027
24	3710	7	286	08/04/2021	\N
25	2850	2	263	01/08/2024	31/07/2026
26	4822	1	377	01/08/2022	\N
27	2707	1	161	04/08/2024	03/08/2026
27	2707	2	161	04/08/2024	03/08/2026
28	1816	7	108	13/12/2021	\N
28	1817	7	112	13/12/2021	\N
28	1818	7	108	13/12/2021	\N
28	1819	7	112	13/12/2021	\N
28	1820	7	108	13/12/2021	\N
29	4709	1	354	01/01/2024	\N
29	4709	2	354	01/01/2024	\N
30	1832	7	134	05/04/2024	\N
31	1718	2	68	01/07/2024	\N
31	1718	1	68	01/07/2024	\N
32	1815	1	105	12/09/2024	11/09/2025
32	1822	1	105	12/09/2024	11/09/2025
33	1711	8	51	01/08/2022	31/07/2025
33	1711	10	51	01/08/2022	31/07/2025
34	2713	1	171	14/12/2020	\N
34	2713	2	171	14/12/2020	\N
35	2739	3	196	13/01/2023	\N
36	9935	1	444	07/10/2023	07/10/2025
36	9935	2	444	07/10/2023	07/10/2025
37	1712	12	52	30/06/2021	31/12/2025
38	3117	1	277	27/10/2022	26/10/2027
38	3117	2	277	27/10/2022	26/10/2027
39	4108	1	339	01/01/2024	31/12/2027
39	4108	2	339	01/01/2024	31/12/2027
40	9931	1	450	05/04/2024	\N
40	9931	2	450	05/04/2024	\N
41	9946	4	160	15/05/2024	\N
41	9946	3	160	15/05/2024	\N
42	2711	2	26	05/12/2023	04/12/2027
42	2711	1	26	05/12/2023	04/12/2027
43	1802	1	93	18/03/2024	\N
44	9910	1	429	01/11/2023	\N
44	9910	2	429	01/11/2023	\N
45	2812	1	218	01/09/2019	\N
45	2812	2	218	01/09/2019	\N
46	9132	2	416	10/04/2024	10/10/2024
46	9132	1	417	13/01/2016	\N
47	9105	5	395	25/01/2023	\N
47	9105	2	395	25/01/2023	\N
48	9913	2	430	29/02/2020	28/02/2024
49	4803	2	366	20/04/2024	20/04/2025
49	4803	1	366	20/04/2024	20/04/2025
50	3819	1	314	01/08/2024	31/07/2026
51	3806	2	303	08/02/2015	\N
51	3806	1	304	08/02/2015	\N
52	1805	2	96	01/01/2022	31/12/2026
52	1805	1	96	01/01/2022	31/12/2026
52	1829	2	126	01/01/2022	31/12/2026
52	1829	1	126	01/01/2022	31/12/2026
53	1218	2	36	01/01/2018	31/12/2021
53	1218	1	37	01/01/2022	31/12/2025
54	3803	1	302	29/11/2021	28/11/2025
54	3803	2	302	29/11/2021	28/11/2025
55	1825	2	118	26/06/2023	25/06/2025
55	1825	1	118	26/06/2023	25/06/2025
56	2719	2	174	24/01/2022	24/01/2026
56	2719	6	174	24/01/2022	24/01/2026
57	1828	9	123	12/09/2022	\N
58	2727	7	184	29/03/2021	28/03/2026
59	2848	2	259	01/04/2023	31/03/2025
60	2822	2	228	01/04/2020	01/04/2024
60	2822	1	228	01/04/2020	01/04/2024
61	2710	7	167	29/03/2021	28/03/2026
62	2812	7	219	06/03/2019	\N
63	2812	7	220	24/05/2023	\N
63	2823	2	230	21/01/2022	20/01/2025
64	4726	2	361	01/05/2023	30/04/2028
65	1707	2	47	22/01/2024	21/01/2026
65	1707	1	47	22/01/2024	21/01/2026
65	1708	2	47	22/01/2024	21/01/2026
65	1708	1	47	22/01/2024	21/01/2026
66	4829	7	383	30/03/2021	30/03/2023
67	3718	2	293	10/03/2022	09/03/2025
67	3718	1	293	10/03/2022	09/03/2025
68	9902	6	420	30/05/2023	30/05/2026
68	9902	2	420	30/05/2023	30/05/2026
69	9108	5	397	14/03/2024	\N
69	9108	2	397	14/03/2024	\N
70	9922	7	438	15/06/2023	\N
71	9944	15	459	01/12/2023	01/12/2027
72	3716	2	291	23/05/2008	\N
73	4817	1	374	27/01/2020	27/01/2022
74	3817	2	312	27/09/2023	27/09/2025
75	4106	2	337	05/07/2023	04/07/2027
75	4106	1	337	05/07/2023	04/07/2027
76	1119	2	14	01/01/2022	31/12/2024
76	1119	1	14	01/01/2022	31/12/2024
77	2905	2	268	02/08/2022	\N
78	9102	5	392	13/12/2023	\N
78	9102	2	392	13/12/2023	\N
79	9129	7	413	19/09/2022	\N
80	3831	4	329	14/09/2024	\N
80	3831	3	329	14/09/2024	\N
81	9938	2	456	05/03/2024	04/03/2026
82	1712	1	53	04/01/2021	04/01/2026
82	1712	2	53	04/01/2021	04/01/2026
84	4721	2	358	15/02/2019	\N
85	3705	1	22	30/11/2018	\N
85	3705	2	22	30/11/2018	\N
86	1729	4	86	08/04/2022	31/03/2025
87	4806	2	367	20/02/2023	28/02/2026
87	4806	1	367	20/02/2023	28/02/2026
88	1831	7	130	09/01/2024	08/01/2026
88	1831	14	130	09/01/2024	08/01/2026
89	9117	2	122	12/02/2024	11/02/2026
89	9117	1	122	12/02/2024	11/02/2026
90	9127	2	410	15/05/2024	14/05/2026
91	9939	3	37	02/08/2024	01/08/2025
91	9939	4	37	02/08/2024	01/08/2025
92	1202	1	20	12/10/2021	12/10/2025
92	1202	2	20	12/10/2021	12/10/2025
93	1118	2	13	18/11/2021	18/11/2024
93	1118	1	13	18/11/2021	18/11/2024
94	1110	2	4	22/04/2022	21/04/2027
94	1110	1	5	22/04/2022	21/04/2027
95	2837	2	252	09/12/2023	08/12/2031
96	9129	2	414	01/12/2021	30/11/2024
96	9129	1	414	01/12/2021	30/11/2024
97	4811	1	370	01/09/2022	\N
97	4811	2	370	01/09/2022	\N
98	4721	1	359	21/07/2022	20/07/2026
99	1710	6	50	30/01/2023	30/01/2026
99	1710	2	50	30/01/2023	30/01/2026
99	1723	2	50	30/01/2023	30/01/2026
99	1727	2	50	30/01/2023	30/01/2026
99	1730	2	87	30/01/2023	30/01/2026
100	3713	1	288	01/09/2019	\N
100	3713	2	288	01/09/2019	\N
101	1830	2	127	04/03/2024	03/03/2030
101	1830	1	127	04/03/2024	03/03/2030
102	2840	2	256	01/10/2024	30/09/2025
102	2840	1	256	01/10/2024	30/09/2025
103	4714	2	356	16/05/2024	15/05/2026
104	2732	1	189	01/11/2023	31/10/2024
104	2732	2	189	01/11/2023	31/10/2024
105	2727	2	184	29/03/2021	28/03/2026
105	2727	1	184	29/03/2021	28/03/2026
106	3710	1	286	08/04/2021	\N
106	3710	2	286	08/04/2021	\N
107	3802	2	301	01/03/2023	28/02/2027
107	3802	1	301	01/03/2023	28/02/2027
108	2850	7	263	01/08/2024	31/07/2026
109	1722	1	74	03/09/2024	02/09/2028
109	1722	2	74	03/09/2024	02/09/2028
110	2702	7	155	01/04/2024	31/03/2026
111	1210	5	29	14/02/2022	14/02/2025
111	1210	2	29	14/02/2022	14/02/2025
112	1806	1	97	01/04/2022	31/03/2025
112	1807	1	97	01/04/2022	31/03/2025
112	1808	1	97	01/04/2022	31/03/2025
112	1809	1	97	01/04/2022	31/03/2025
112	1810	1	97	01/04/2022	31/03/2025
112	1811	1	97	01/04/2022	31/03/2025
113	4822	2	377	14/08/1998	\N
114	3826	2	323	28/08/2024	27/08/2027
115	2739	2	197	21/05/2021	21/05/2026
116	9904	1	423	07/05/2024	\N
117	2810	2	215	16/07/2022	15/07/2025
117	2810	1	215	16/07/2022	15/07/2025
118	2732	14	189	01/11/2023	31/10/2024
119	1726	2	79	14/01/2019	\N
119	1726	1	79	14/01/2019	\N
120	1713	9	57	01/02/2016	\N
120	1713	11	57	01/02/2016	\N
121	2818	1	225	12/05/2024	12/05/2026
121	2818	2	225	12/05/2024	12/05/2026
122	2704	1	157	11/01/2022	\N
122	2704	2	157	11/01/2022	\N
123	1835	7	139	20/03/2024	20/03/2026
124	1106	1	3	01/01/2023	31/12/2026
124	1106	2	3	01/01/2023	31/12/2026
124	1107	1	3	01/01/2023	31/12/2026
124	1107	2	3	01/01/2023	31/12/2026
124	1108	2	3	01/01/2023	31/12/2026
124	1108	1	3	01/01/2023	31/12/2026
124	1109	1	3	01/01/2023	31/12/2026
124	1109	2	3	01/01/2023	31/12/2026
125	1717	2	65	06/03/2023	\N
125	1717	1	65	06/03/2023	\N
126	3819	2	315	12/08/2024	30/06/2028
127	1828	1	125	01/11/2021	\N
127	1828	2	125	01/11/2021	\N
128	2211	4	150	27/09/2023	18/10/2023
128	2211	3	150	27/09/2023	18/10/2023
129	9913	3	430	25/01/2024	24/01/2028
130	9127	1	411	05/03/2024	04/03/2027
131	2710	8	168	01/08/2024	\N
132	1115	2	10	01/01/2020	31/12/2022
132	1115	1	11	01/01/2023	31/12/2025
133	1112	1	7	16/12/2022	15/12/2026
133	1112	2	7	16/12/2022	15/12/2026
134	3716	1	292	01/06/2024	01/06/2026
135	2737	2	193	11/02/2019	\N
135	2737	1	193	11/02/2019	\N
136	3822	1	318	01/12/2022	01/12/2024
137	4829	3	384	11/12/2020	10/12/2021
138	5802	1	391	19/08/2022	18/08/2026
138	5802	2	391	19/08/2022	18/08/2026
139	4826	1	380	25/02/2017	24/02/2021
139	4826	2	381	21/06/2016	20/06/2020
140	2709	1	166	01/05/2022	01/05/2026
140	2709	2	166	01/05/2022	01/05/2026
141	2836	1	249	12/11/2023	11/11/2025
142	9926	7	444	26/07/2023	25/07/2025
142	9926	1	445	01/04/2022	31/03/2026
143	1828	12	124	23/02/2001	\N
144	4702	2	348	05/11/2020	\N
145	1111	3	6	07/12/2023	\N
145	1111	4	6	07/12/2023	\N
146	1719	1	70	22/09/2023	21/09/2025
146	1719	7	72	31/10/2022	30/10/2024
146	1731	1	70	22/09/2023	21/09/2025
147	1823	9	114	18/10/2022	\N
148	4719	2	357	22/01/2019	\N
148	4719	1	357	22/01/2019	\N
149	3831	16	330	30/01/2024	29/01/2025
149	3831	9	330	30/01/2024	29/01/2025
150	2837	14	251	08/08/2011	\N
151	1835	2	138	14/03/2023	13/03/2028
151	1835	1	138	14/03/2023	13/03/2028
152	4101	1	335	01/11/2022	31/10/2025
152	4101	2	335	01/11/2022	31/10/2025
153	9938	1	107	31/07/2023	30/07/2025
154	4825	1	378	16/10/2021	\N
154	4825	4	379	05/12/2023	14/12/2024
155	2906	2	270	26/02/2024	\N
156	1301	1	38	01/12/2021	30/11/2025
156	1301	2	38	01/12/2021	30/11/2025
157	1831	7	131	31/08/2022	30/08/2024
158	9899	2	418	06/01/2021	06/01/2028
158	9899	1	418	06/01/2021	06/01/2028
159	1203	1	21	20/11/2023	19/11/2027
159	1203	2	21	20/11/2023	19/11/2027
159	9908	1	428	20/11/2023	19/11/2027
159	9908	2	428	20/11/2023	19/11/2027
159	9909	1	428	20/11/2023	19/11/2027
159	9909	2	428	20/11/2023	19/11/2027
159	9911	1	428	20/11/2023	19/11/2027
159	9911	2	428	20/11/2023	19/11/2027
159	9912	1	428	20/11/2023	19/11/2027
159	9912	2	428	20/11/2023	19/11/2027
160	2830	7	241	01/08/2022	\N
161	1723	1	75	30/01/2023	30/01/2026
162	3812	2	311	15/01/2020	\N
162	3812	1	311	15/01/2020	\N
163	1714	4	59	18/04/2024	\N
163	1714	3	59	18/04/2024	\N
164	4107	1	338	23/09/2021	22/09/2025
164	4107	2	338	23/09/2021	22/09/2025
165	2837	1	253	21/04/2008	\N
166	2725	9	182	15/09/2024	14/09/2026
167	2829	2	239	05/04/2023	04/04/2026
167	2829	6	239	05/04/2023	04/04/2026
167	2841	2	239	05/04/2023	04/04/2026
167	2841	6	239	05/04/2023	04/04/2026
168	3104	2	273	20/05/2024	19/05/2028
168	3104	1	273	20/05/2024	19/05/2028
169	2811	1	216	11/11/2022	15/11/2024
169	2811	2	216	11/11/2022	15/11/2024
170	2736	14	191	18/03/2024	17/03/2027
171	1105	2	2	29/04/2024	28/04/2028
171	1105	1	2	29/04/2024	28/04/2028
172	2842	2	258	08/11/2016	\N
172	2842	1	258	08/11/2016	\N
173	9932	1	451	21/06/2024	\N
173	9932	2	451	21/06/2024	\N
174	2730	2	187	14/03/2024	13/03/2027
174	2730	1	187	14/03/2024	13/03/2027
175	1204	1	22	09/05/2022	08/05/2025
175	1204	2	22	09/05/2022	08/05/2025
176	3808	2	307	28/03/2023	27/03/2028
176	3808	1	307	28/03/2023	27/03/2028
177	9905	1	424	14/10/2023	\N
177	9905	2	424	14/10/2023	\N
178	2841	1	257	03/10/2021	03/10/2024
179	3301	2	160	16/05/2022	16/05/2026
179	3301	1	160	16/05/2022	16/05/2026
180	2721	2	177	01/07/2024	30/06/2026
180	2721	1	177	01/07/2024	30/06/2026
181	2824	4	232	18/06/2024	18/12/2024
181	2824	3	232	18/06/2024	18/12/2024
182	3809	1	308	05/02/2022	05/02/2025
182	3809	2	308	05/02/2022	05/02/2025
183	2738	7	194	01/03/2024	\N
184	9899	8	418	06/01/2021	06/01/2028
185	1212	1	30	01/01/2021	31/12/2024
185	1212	2	31	01/01/2021	31/12/2024
186	1825	8	119	01/06/2024	31/05/2026
187	9923	7	440	26/01/2023	26/01/2026
188	9915	1	434	02/11/2021	01/11/2023
189	2904	5	267	27/12/2023	\N
189	2904	2	267	27/12/2023	\N
190	2102	2	140	04/03/2023	04/03/2027
190	2102	1	140	04/03/2023	04/03/2027
191	4813	1	372	11/08/2020	11/08/2025
192	2725	8	181	27/08/2024	26/08/2026
193	1217	1	35	20/05/2022	20/05/2025
193	1217	2	35	20/05/2022	20/05/2025
194	3712	2	287	17/12/2020	\N
194	3712	1	287	17/12/2020	\N
195	3826	1	324	07/07/2023	07/07/2026
196	2836	2	250	24/05/2024	24/05/2026
197	2209	2	149	09/12/2021	08/12/2025
197	2209	1	149	09/12/2021	08/12/2025
198	2749	2	211	10/01/2019	\N
198	2749	1	211	10/01/2019	\N
199	1206	2	24	02/09/2024	31/12/2024
199	1206	1	24	02/09/2024	31/12/2024
200	2847	2	234	16/06/2020	15/06/2026
200	2847	1	234	16/06/2020	15/06/2026
201	9126	1	409	18/09/2024	18/09/2026
201	9126	2	409	18/09/2024	18/09/2026
202	1113	2	8	05/03/2021	04/03/2026
202	1113	1	8	05/03/2021	04/03/2026
203	2208	2	148	08/07/2022	08/07/2026
203	2208	1	148	08/07/2022	08/07/2026
204	9927	1	446	15/03/2022	14/03/2026
204	9927	2	446	15/03/2022	14/03/2026
205	1117	2	12	12/02/2024	11/02/2028
205	1117	1	12	12/02/2024	11/02/2028
206	3828	4	326	01/07/2024	30/06/2026
206	3828	3	326	01/07/2024	30/06/2026
207	4710	1	355	16/03/2024	15/03/2026
207	4710	2	355	16/03/2024	15/03/2026
208	1823	8	115	17/08/2019	\N
209	2820	7	226	21/11/2020	20/11/2024
210	3811	1	160	01/05/2023	30/04/2025
210	3811	2	160	01/05/2023	30/04/2025
211	3810	2	309	21/05/2021	20/05/2022
212	2712	2	170	29/06/2023	28/06/2025
213	5801	2	390	04/01/2024	03/01/2027
213	5801	1	390	04/01/2024	03/01/2027
214	1724	2	76	01/07/2021	\N
214	1724	1	76	01/07/2021	\N
215	9929	1	448	09/08/2023	08/08/2025
215	9929	2	448	09/08/2023	08/08/2025
216	1813	7	101	14/10/2023	13/10/2025
217	9924	2	442	12/12/2022	12/12/2024
217	9924	1	442	12/12/2022	12/12/2024
218	9940	1	277	28/05/2024	31/12/2025
218	9940	2	277	28/05/2024	31/12/2025
219	3114	5	275	27/12/2023	\N
219	3114	2	275	27/12/2023	\N
220	1201	1	19	07/04/2024	07/04/2027
220	1201	2	19	07/04/2024	07/04/2027
220	1219	1	19	07/04/2024	07/04/2027
220	1219	2	19	07/04/2024	07/04/2027
220	1220	1	19	07/04/2024	07/04/2027
220	1220	2	19	07/04/2024	07/04/2027
220	1221	1	19	07/04/2024	07/04/2027
220	1221	2	19	07/04/2024	07/04/2027
220	1222	1	19	07/04/2024	07/04/2027
220	1222	2	19	07/04/2024	07/04/2027
220	1223	2	19	07/04/2024	04/04/2027
220	1223	1	19	07/04/2024	04/04/2027
220	9125	2	19	07/04/2024	07/04/2027
220	9125	1	19	07/04/2024	07/04/2027
221	2905	1	269	31/01/2024	\N
221	2905	5	269	31/01/2024	\N
222	3720	1	295	01/05/2023	30/04/2025
222	3720	2	295	01/05/2023	30/04/2025
223	4835	1	387	16/08/2024	15/08/2026
224	1207	3	25	09/09/2024	10/09/2024
224	1207	4	25	09/09/2024	10/09/2024
225	9945	1	460	24/04/2024	24/04/2029
225	9945	2	460	24/04/2024	24/04/2029
226	9925	2	443	28/07/2023	28/07/2026
226	9925	1	443	28/07/2023	28/07/2026
227	2833	1	246	01/02/2024	\N
228	2701	2	154	16/10/2023	16/10/2028
228	2701	1	154	16/10/2023	16/10/2028
229	3713	7	289	08/06/2020	\N
230	1728	1	81	05/10/2022	\N
230	1728	2	81	05/10/2022	\N
230	1733	2	81	05/10/2022	\N
230	1733	1	81	05/10/2022	\N
231	9110	5	398	29/08/2022	\N
231	9110	2	398	29/08/2022	\N
231	9111	2	398	29/08/2022	\N
231	9111	5	398	29/08/2022	\N
231	9112	2	398	29/08/2022	\N
231	9112	5	398	29/08/2022	\N
231	9113	5	398	29/08/2022	\N
231	9113	2	398	29/08/2022	\N
231	9114	5	398	29/08/2022	\N
231	9114	2	398	29/08/2022	\N
231	9115	2	398	29/08/2022	\N
231	9115	5	398	29/08/2022	\N
232	1804	2	95	12/03/2024	12/03/2025
232	1804	1	95	12/03/2024	12/03/2025
233	3834	1	331	27/10/2023	\N
233	3834	2	331	27/10/2023	\N
234	2104	5	141	01/09/2022	\N
234	2104	2	141	01/09/2022	\N
234	2111	2	141	01/09/2022	\N
234	2111	5	141	01/09/2022	\N
235	1716	7	63	08/02/2022	\N
236	3901	2	332	31/05/2023	\N
236	3901	5	332	31/05/2023	\N
237	1806	2	98	01/04/2022	31/03/2025
237	1807	2	98	01/04/2022	31/03/2025
237	1808	2	98	01/04/2022	31/03/2025
237	1809	2	98	01/04/2022	31/03/2025
237	1810	2	98	01/04/2022	31/03/2025
237	1811	2	98	01/04/2022	31/03/2025
238	2723	1	179	20/07/2023	19/07/2025
238	2723	2	179	20/07/2023	19/07/2025
239	9116	1	399	12/02/2024	11/02/2028
239	9116	2	399	12/02/2024	11/02/2028
240	2206	4	146	01/01/2024	31/12/2024
240	2206	3	146	01/01/2024	31/12/2024
241	4705	2	351	25/04/2022	24/04/2025
241	4705	1	352	13/07/2021	12/07/2022
242	9943	1	458	13/01/2023	03/10/2025
243	9934	1	452	21/04/2023	\N
244	9930	2	449	24/11/2022	\N
244	9930	1	449	24/11/2022	\N
245	1719	2	71	08/02/2021	07/02/2026
245	1731	2	71	08/02/2021	07/02/2026
246	4818	2	375	20/06/2024	20/06/2027
246	4818	1	375	20/06/2024	20/06/2027
246	4818	6	376	20/06/2021	20/06/2024
247	9128	2	412	01/11/2022	\N
247	9128	1	412	01/11/2022	\N
248	2805	1	213	07/07/2021	06/07/2026
249	1732	1	89	01/08/2023	31/07/2026
250	2715	1	173	01/08/2024	\N
250	2715	2	173	01/08/2024	\N
251	1828	8	123	12/09/2022	\N
252	3102	1	271	13/02/2023	12/02/2027
252	3102	2	271	13/02/2023	12/02/2027
253	2728	1	185	03/01/2018	\N
253	2728	2	185	03/01/2018	\N
254	1715	7	60	28/09/2021	\N
255	2813	2	222	30/11/2022	30/11/2026
255	2813	1	222	30/11/2022	30/11/2026
255	2906	5	270	26/02/2024	\N
256	2829	7	237	01/09/2024	31/08/2027
256	2841	7	237	01/09/2024	31/08/2027
257	2832	2	244	12/01/2022	\N
257	2832	1	244	12/01/2022	\N
258	2805	2	212	30/10/2023	29/10/2024
259	1814	1	104	01/05/2022	30/04/2026
259	1814	2	104	01/05/2022	30/04/2026
260	9918	2	435	03/01/2018	03/01/2019
261	3810	1	310	01/11/2018	\N
262	4708	1	353	26/06/2023	\N
262	4708	2	353	26/06/2023	\N
263	2815	2	224	01/04/2020	12/11/2024
263	2815	1	224	01/04/2020	12/11/2024
264	3103	1	272	01/09/2022	31/08/2026
264	3103	2	272	01/09/2022	31/08/2026
265	2738	1	195	15/02/2024	14/02/2027
265	2738	2	195	15/02/2024	14/02/2027
266	1823	1	116	19/12/2018	\N
266	1823	2	116	19/12/2018	\N
267	1727	1	80	19/01/2022	19/01/2025
268	9107	2	396	26/12/2022	\N
268	9107	5	396	26/12/2022	\N
269	2704	9	158	14/03/2016	\N
270	1735	2	91	25/08/2016	\N
271	4112	1	344	01/02/2022	31/01/2026
271	4112	2	345	01/02/2022	31/01/2026
272	3303	1	283	20/01/2023	19/01/2027
272	3303	2	283	20/01/2023	19/01/2027
273	1729	13	85	11/10/2023	01/11/2023
274	2301	2	152	31/03/2024	30/03/2028
274	2301	1	152	31/03/2024	30/03/2028
275	4727	1	362	01/08/2022	\N
275	4727	2	362	01/08/2022	\N
276	2110	1	144	01/04/2024	31/03/2028
276	2110	2	144	01/04/2024	31/03/2028
277	3824	2	322	09/02/2024	09/02/2026
277	3824	1	322	09/02/2024	09/02/2026
278	3703	3	284	26/02/2024	\N
278	3703	4	284	26/02/2024	\N
279	1711	9	51	01/08/2022	31/07/2025
279	1711	11	51	01/08/2022	31/07/2025
280	2727	7	184	29/03/2021	28/03/2026
281	1820	3	107	23/07/2024	23/08/2024
282	1816	3	107	23/07/2024	23/08/2024
282	1817	3	110	26/02/2024	05/04/2024
282	1819	3	107	23/07/2024	23/08/2024
283	2725	1	183	01/09/2023	31/08/2025
283	2725	2	183	01/09/2023	31/08/2025
284	2902	5	266	23/01/2023	\N
284	2902	2	266	23/01/2023	\N
285	1824	1	117	03/07/2024	02/07/2026
285	1824	2	117	03/07/2024	02/07/2026
286	1703	2	42	10/07/2023	10/07/2028
287	2713	7	172	01/02/2020	\N
287	2713	14	172	01/02/2020	\N
288	2813	7	223	30/07/2024	\N
289	3107	2	152	27/03/2022	27/03/2026
289	3107	1	274	26/03/2018	26/03/2022
290	9926	2	36	01/11/2023	31/10/2025
291	3725	2	298	30/09/2022	29/09/2024
292	1714	7	58	29/04/2024	\N
293	1724	7	77	21/07/2024	\N
294	2834	1	248	11/01/2023	11/01/2027
294	2834	2	248	11/01/2023	11/01/2027
295	9904	2	422	24/04/2023	23/04/2025
295	9904	14	423	07/05/2024	\N
296	2838	2	254	01/02/2012	\N
296	2838	1	254	01/02/2012	\N
297	3822	7	319	01/03/2023	01/03/2025
298	4714	1	356	16/05/2024	15/05/2026
299	9907	7	426	05/12/2011	\N
300	3204	2	280	01/02/2022	01/02/2026
300	3204	1	281	01/02/2022	01/02/2026
301	9928	1	447	01/06/2018	30/06/2024
301	9928	2	447	01/06/2018	30/06/2024
302	3801	1	300	25/09/2021	24/09/2025
302	3801	2	300	25/09/2021	24/09/2025
303	4721	7	358	15/02/2019	\N
304	4111	1	343	08/07/2023	07/07/2028
304	4111	2	343	08/07/2023	07/07/2028
305	2748	7	209	16/06/2013	\N
306	2827	1	234	14/01/2016	\N
306	2827	2	235	14/01/2016	\N
307	1101	1	1	07/06/2024	01/05/2027
307	1101	2	1	07/06/2024	01/05/2027
307	1102	1	1	07/06/2024	01/05/2027
307	1102	2	1	07/06/2024	01/05/2027
307	1103	2	1	07/06/2024	01/05/2027
307	1103	1	1	07/06/2024	01/05/2027
307	1104	1	1	07/06/2024	01/05/2027
307	1104	2	1	07/06/2024	01/05/2027
307	1124	2	17	07/06/2024	01/05/2027
307	1124	1	17	07/06/2024	01/05/2027
307	1125	2	17	07/06/2024	01/05/2027
307	1125	1	17	07/06/2024	01/05/2027
307	1126	2	17	07/06/2024	01/05/2027
307	1126	1	17	07/06/2024	01/05/2027
307	9920	1	1	07/06/2024	01/05/2027
307	9920	2	1	07/06/2024	01/05/2027
307	9933	1	1	07/06/2024	01/05/2027
307	9933	2	1	07/06/2024	01/05/2027
308	2823	1	231	21/01/2022	20/01/2025
309	2837	8	252	17/03/2023	16/03/2031
310	4701	2	346	05/02/2024	\N
311	1720	2	73	14/09/2023	13/09/2027
311	1720	1	73	14/09/2023	13/09/2027
312	9947	4	461	23/07/2024	25/07/2029
313	1826	1	121	23/09/2024	22/09/2027
313	1826	2	121	23/09/2024	22/09/2027
313	9123	1	121	23/09/2024	22/09/2027
313	9123	2	121	23/09/2024	22/09/2027
314	9900	2	419	01/02/2020	\N
314	9900	1	419	01/02/2020	\N
315	1707	7	48	22/01/2020	\N
315	1708	7	48	22/01/2020	\N
316	9913	1	431	27/09/2021	26/09/2025
317	2820	1	227	03/09/2023	03/09/2027
317	2820	2	227	03/09/2023	03/09/2027
318	4102	1	336	22/04/2022	21/04/2026
318	4102	2	336	22/04/2022	21/04/2026
319	3821	2	317	24/07/2023	24/07/2025
319	3821	1	317	24/07/2023	24/07/2025
320	9116	7	400	17/12/2021	17/12/2024
321	2736	2	192	18/03/2021	17/03/2025
321	2736	1	192	18/03/2021	17/03/2025
322	4704	2	350	28/06/2019	27/06/2021
322	4704	1	350	28/06/2019	27/06/2021
323	2744	2	201	20/01/2023	20/01/2026
323	2744	1	201	20/01/2023	20/01/2026
324	3830	1	328	28/08/2007	\N
324	3830	2	328	28/08/2007	\N
325	2720	2	176	01/01/2024	31/12/2028
325	2720	1	176	01/01/2024	31/12/2028
326	2712	7	170	29/06/2023	28/06/2025
327	1701	2	39	01/03/2023	28/02/2029
327	1701	1	39	01/03/2023	28/02/2029
328	9120	7	401	27/03/2023	27/03/2025
329	1208	1	27	01/05/2023	30/04/2027
329	1208	2	27	01/05/2023	30/04/2027
330	9104	5	394	19/12/2022	\N
330	9104	2	394	19/12/2022	\N
331	3817	1	313	02/08/2024	02/08/2026
332	2707	8	161	04/08/2024	03/08/2026
333	1717	7	64	01/07/2024	\N
334	9902	7	420	30/05/2023	30/05/2026
335	1706	2	46	03/05/2021	02/05/2027
335	1706	1	46	03/05/2021	02/05/2027
336	2837	9	252	17/03/2023	16/03/2031
337	2811	7	217	01/01/2024	31/12/2024
338	4702	7	349	01/03/2021	\N
338	4702	8	349	01/03/2021	\N
339	4837	1	389	07/01/2023	07/01/2026
340	2833	9	247	01/09/2023	\N
341	9913	7	431	01/09/2021	31/08/2025
342	1718	7	69	01/07/2024	\N
343	9121	2	404	01/12/2022	30/11/2024
344	3902	5	333	12/01/2024	\N
345	9918	5	436	06/02/2020	\N
346	1801	1	92	01/04/2023	31/03/2028
346	1801	2	92	01/04/2023	31/03/2028
346	1802	2	92	01/04/2023	31/03/2028
347	2745	1	203	01/07/2023	30/06/2027
347	2745	2	203	01/07/2023	30/06/2027
348	2747	2	207	03/08/2023	\N
348	2747	1	207	03/08/2023	\N
349	2831	1	243	01/11/2023	31/10/2025
349	2831	2	243	01/11/2023	31/10/2025
350	1729	1	84	15/03/2022	31/03/2025
350	1729	2	84	15/03/2022	31/03/2025
351	2822	7	\N	01/04/2020	01/04/2024
352	4837	7	234	17/03/2022	17/03/2025
353	1832	9	133	12/07/2012	\N
354	3823	2	320	01/02/2016	\N
354	3823	1	321	01/02/2016	\N
355	1833	2	136	23/08/2023	22/08/2025
355	1834	2	136	23/08/2023	22/08/2025
356	2708	3	162	01/09/2024	31/12/2024
356	2708	7	163	27/08/2008	\N
356	2708	4	162	01/09/2024	31/12/2024
357	2740	2	198	01/03/2004	\N
357	2740	1	198	01/03/2004	\N
358	4727	6	363	01/05/2017	30/04/2024
359	1712	9	52	30/06/2021	31/12/2025
360	1121	2	16	05/10/2020	04/10/2024
360	1121	1	16	05/10/2020	04/10/2024
361	1715	1	61	12/07/2024	11/07/2029
361	1715	2	61	12/07/2024	11/07/2029
362	9121	7	405	01/12/2016	\N
362	9121	1	406	12/02/2009	\N
363	2746	1	205	11/02/2013	\N
363	2746	2	205	11/02/2013	\N
364	4110	2	341	16/06/2017	15/06/2020
364	4110	1	342	17/06/2020	16/06/2024
365	1816	2	109	24/01/2020	23/01/2025
365	1817	2	111	24/01/2020	23/01/2025
365	1818	1	111	24/01/2020	23/01/2025
365	1818	2	111	24/01/2020	23/01/2025
365	1819	2	111	24/01/2020	23/01/2025
365	1820	2	111	24/01/2020	23/01/2025
366	4805	1	251	10/01/2024	10/01/2025
366	4805	2	251	10/01/2024	10/01/2025
367	1827	2	122	01/04/2024	01/04/2028
367	1827	1	122	01/04/2024	01/04/2028
368	2728	14	186	09/04/2018	\N
368	2728	8	186	09/04/2018	\N
369	9903	1	421	19/09/2022	\N
369	9903	2	421	19/09/2022	\N
370	3822	2	319	01/03/2023	01/03/2025
371	1813	7	100	21/08/2024	20/08/2026
372	3115	1	276	13/12/2021	12/12/2025
372	3115	2	276	13/12/2021	12/12/2025
372	3116	1	276	13/12/2021	12/12/2025
372	3116	2	276	13/12/2021	12/12/2025
373	2825	1	233	03/11/2009	\N
373	2825	2	233	03/11/2009	\N
374	4832	2	386	05/01/2006	\N
374	4832	1	386	05/01/2006	\N
375	4829	2	385	02/12/2019	01/12/2022
376	1825	9	120	01/03/2024	28/02/2026
377	4810	3	369	05/04/2024	\N
377	4810	4	369	05/04/2024	\N
378	1729	10	82	11/04/2022	31/03/2025
378	1729	8	82	11/04/2022	31/03/2025
379	3820	1	316	12/02/2009	\N
379	3820	2	316	12/02/2009	\N
380	3719	2	294	02/12/2019	02/12/2024
380	3719	1	294	02/12/2019	02/12/2024
381	9131	1	415	17/12/2021	16/12/2025
381	9131	2	415	17/12/2021	16/12/2025
382	3829	2	327	01/08/2020	01/08/2025
382	3829	1	327	01/08/2020	01/08/2025
383	3902	2	334	16/12/2016	\N
384	1812	1	99	06/03/2024	\N
384	1812	2	99	06/03/2024	\N
385	4109	2	340	01/02/2024	31/01/2029
385	4109	1	340	01/02/2024	31/01/2029
386	1114	1	9	04/10/2022	\N
386	1114	2	9	04/10/2022	\N
387	1803	1	94	01/11/2022	31/10/2025
387	1803	2	94	01/11/2022	31/10/2025
388	2837	7	252	09/12/2023	08/12/2031
389	9937	1	455	09/12/2023	08/12/2027
389	9937	2	455	09/12/2023	08/12/2027
390	3725	1	299	08/03/2023	07/03/2025
391	1815	2	106	12/09/2024	11/09/2025
391	1822	2	113	12/09/2024	11/09/2025
392	3201	2	279	15/03/2023	14/03/2027
392	3201	1	279	15/03/2023	14/03/2027
393	1207	1	26	12/09/2022	11/09/2026
393	1207	2	26	12/09/2022	11/09/2026
394	3706	2	285	14/12/2022	\N
394	3706	1	285	14/12/2022	\N
395	2743	2	200	01/04/2024	31/03/2028
395	2743	1	200	01/04/2024	31/03/2028
396	2733	2	190	17/01/2023	\N
396	2733	1	190	17/01/2023	\N
397	2828	2	236	10/01/2024	09/01/2028
397	2828	1	236	10/01/2024	09/01/2028
398	1705	1	45	14/12/2022	13/12/2025
399	9922	1	439	01/08/2017	\N
399	9922	2	439	01/08/2017	\N
400	9103	5	393	15/01/2024	\N
400	9103	2	393	15/01/2024	\N
401	2207	2	147	07/09/2022	07/09/2026
401	2207	1	147	07/09/2022	07/09/2026
402	3827	1	325	06/05/2024	05/05/2025
402	3827	2	325	06/05/2024	05/05/2025
403	2748	2	208	13/06/2006	\N
403	2748	1	208	13/06/2006	\N
404	4808	2	368	08/03/2006	\N
404	4808	1	368	08/03/2006	\N
405	1213	2	32	26/11/2020	25/11/2024
405	1213	1	32	26/11/2020	25/11/2024
406	9904	7	422	24/04/2023	23/04/2025
407	2708	7	164	01/07/2009	\N
408	2114	2	145	01/09/2023	31/08/2027
408	2114	1	145	01/09/2023	31/08/2027
409	2829	12	238	11/01/2022	10/01/2025
409	2841	12	238	11/01/2022	10/01/2025
410	2724	2	180	03/01/2023	02/01/2026
410	2724	1	180	03/01/2023	02/01/2026
411	9120	1	402	18/08/2022	\N
411	9120	2	403	24/03/2022	\N
412	1709	2	49	25/01/2024	24/01/2026
412	1709	1	49	25/01/2024	24/01/2026
413	2812	7	221	17/06/2024	\N
414	9124	1	408	21/12/2023	21/12/2027
414	9124	2	408	21/12/2023	21/12/2027
415	3807	1	305	02/03/2024	02/03/2026
415	3807	2	306	11/03/2023	11/03/2025
416	9941	1	457	30/03/2023	29/03/2027
416	9941	2	457	30/03/2023	29/03/2027
417	2302	1	153	11/09/2024	28/04/2025
417	2302	2	153	11/09/2024	28/04/2025
418	1813	1	102	20/04/2022	19/04/2026
418	1813	2	102	20/04/2022	19/04/2026
419	1730	1	88	30/01/2023	30/01/2026
420	2848	7	259	01/04/2023	31/03/2025
421	9914	1	432	22/03/2022	\N
421	9914	2	432	22/03/2022	\N
422	3715	2	290	18/11/2004	\N
422	3715	1	290	18/11/2004	\N
423	2830	1	242	17/09/2022	\N
424	2710	2	169	29/03/2021	28/03/2026
424	2710	1	169	29/03/2021	28/03/2026
425	9919	2	437	01/04/2014	\N
425	9919	1	437	01/04/2014	\N
426	1729	9	83	01/04/2022	31/03/2025
426	1729	11	83	01/04/2022	31/03/2025
427	9923	1	441	29/11/2021	29/11/2025
428	4726	1	360	01/11/2023	31/10/2028
429	1120	2	15	26/04/2022	25/04/2026
429	1120	1	15	26/04/2022	25/04/2026
429	1123	2	15	26/04/2022	25/04/2026
429	1123	1	15	26/04/2022	25/04/2026
430	1830	7	128	02/09/2024	01/09/2028
431	2741	2	199	16/01/2023	15/01/2026
431	2741	1	199	16/01/2023	15/01/2026
432	2805	7	214	30/10/2024	06/07/2026
433	3724	1	296	24/05/2023	23/05/2025
433	3724	2	297	04/07/2023	03/07/2028
434	1834	1	137	09/02/2001	\N
435	1711	1	462	08/12/2023	07/12/2026
435	1711	2	462	08/12/2023	07/12/2026
436	4702	1	349	01/03/2021	\N
437	1734	1	90	21/07/2024	20/07/2026
437	1734	2	90	21/07/2024	20/07/2026
438	2106	1	142	29/04/2024	\N
438	2106	15	143	08/12/2023	\N
438	2106	5	142	29/04/2024	\N
438	2106	2	142	29/04/2024	\N
439	2849	2	261	01/06/2024	01/06/2027
439	2849	3	262	11/08/2024	31/12/2024
440	1122	1	17	09/01/2024	09/01/2025
440	1122	2	17	09/01/2024	09/01/2025
441	2211	2	151	25/02/2021	24/02/2025
441	2211	1	151	25/02/2021	24/02/2025
442	1209	1	28	23/11/2022	22/11/2026
442	1209	2	28	23/11/2022	22/11/2026
443	4813	2	373	11/08/2020	\N
444	9906	2	425	08/03/2023	07/03/2027
444	9906	1	425	08/03/2023	07/03/2027
445	4827	2	382	08/04/2019	08/04/2021
445	4827	1	382	08/04/2019	08/04/2021
446	9907	2	426	05/12/2011	\N
446	9907	1	427	23/07/2012	\N
447	2744	7	202	24/01/2023	\N
448	4701	1	347	10/01/2017	\N
449	4727	7	364	01/08/2022	\N
450	9936	2	454	06/06/2023	05/06/2025
450	9936	1	454	06/06/2023	05/06/2025
451	4801	1	365	01/02/2023	01/02/2025
451	4801	2	365	01/02/2023	01/02/2025
452	9934	2	453	27/12/2022	\N
452	9934	5	453	27/12/2022	\N
453	2702	2	155	01/04/2024	31/03/2026
453	2702	1	155	01/04/2024	31/03/2026
454	1716	2	62	01/07/2024	\N
454	1716	1	62	01/07/2024	\N
454	1718	6	66	01/07/2024	\N
455	1813	7	103	09/06/2024	08/06/2026
456	2850	1	264	01/08/2024	31/07/2026
457	2746	7	206	11/03/2011	\N
458	2829	9	240	26/10/2023	25/10/2026
458	2841	9	240	26/10/2023	25/10/2026
459	1703	1	41	11/07/2023	11/07/2028
460	2722	2	178	14/08/2023	14/08/2025
460	2722	1	178	14/08/2023	14/08/2025
461	2833	8	247	01/09/2023	\N
462	4812	2	371	01/03/2023	28/02/2027
462	4812	1	371	01/03/2023	28/02/2027
463	2901	1	265	19/01/2024	\N
463	2901	2	265	19/01/2024	\N
463	2901	5	265	19/01/2024	\N
464	1702	1	40	01/07/2023	30/06/2029
465	2745	14	204	01/07/2023	30/06/2027
465	2745	7	204	01/07/2023	30/06/2027
466	3831	8	330	30/01/2024	29/01/2025
466	3831	17	330	30/01/2024	29/01/2025
467	4835	2	388	16/08/2024	15/08/2026
468	2731	1	188	27/02/2023	26/02/2027
468	2731	2	188	27/02/2023	26/02/2027
469	2719	7	175	14/03/2023	14/03/2026
470	1205	1	23	05/06/2022	04/06/2026
470	1205	2	23	05/06/2022	04/06/2026
471	2848	1	260	03/11/2022	02/11/2024
472	2823	7	230	21/01/2022	20/01/2025
473	2749	7	210	13/03/2019	\N
474	2749	14	210	13/03/2019	\N
474	9921	2	169	04/06/2024	03/06/2029
474	9921	1	169	04/06/2024	03/06/2029
\.

COPY public.cobertura (cod_cobertura, nomb_cobertura) FROM stdin;
0	No informa
1	Centros Tutoriales
2	Ceres
3	Convenio
4	Convenios en Red
\.

COPY public.cubrimiento (cod_cobertura, cod_inst, cod_munic, direccion) FROM stdin;
1	1101	11001	Carrera 45 #26 85
1	1102	5001	Calle 59A No 63 20 Nucleo El Volador
1	1103	17001	Carrera 27 No. 64 60
1	1104	76520	Carrera 32 No 12 00 Chapinero Via Candelaria
1	1105	11001	Calle 73 No.11 95
3	1106	15001	Avenida Central del Norte 39 115
3	1107	15238	Carrera 18 Calle 23
3	1108	15759	Calle 4 Sur No. 15 134
3	1109	15176	Calle 14A No. 2 37
1	1110	19001	Claustro de Santo Domingo Calle 5 No. 4 70
1	1111	66001	Carrera 27 #10 02
3	1112	17001	Calle 65 26 10
3	1113	23001	Carrera 6 No. 77 305
1	1114	41001	Avenida Pastrana Borrero Carrera 1
3	1115	18001	Avenida Circunvalar Barrio Porvenir
1	1117	11001	Carrera 11 No. 101 80
1	1118	27001	Ciudadela Universitaria Barrio Nicolas Medrano
3	1119	50001	Kilometro 12 Via Puerto Lopez Vereda Barcelona
3	1120	20001	Sede Balneario Hurtado
0	1121	11001	Clle 28 No. 6 02
0	1122	76109	Avenida Simon Bolivar 54A 10
3	1123	20011	Cra. 40 via al Mar
1	1124	81001	Km 9 via a Canio Limon
1	1125	91001	km 2 Via Leticia Tarapaca
1	1126	88001	Carretera Circunvalar San Luis
3	1201	5001	CLLE 67 No. 53 108
4	1202	8573	CARRERA 30 No. 8 49
3	1203	76001	Ciudad Universitaria Melendez Calle 13 100 00
3	1204	68001	Ciudad Universitaria Carrera 27 Calle 9
3	1205	13001	Centro Carrera 6 No. 36 100
1	1206	52001	Torobajo Carrera 22 No. 18 109
3	1207	73001	Barrio Santa Elena
3	1208	63001	Carrera 15 Calle 12 Norte
1	1209	54001	Avenida Gran Colombia No. 12E 96
1	1210	54498	Via El Algodonal
3	1212	54518	Ciudad Universitaria Km.1 via a Bucaramanga
3	1213	47001	Cll 29H3 N. 22 1
0	1214	25290	Diagonal 18 No. 20 29
0	1215	25307	Calle 19 24 209
0	1216	25843	Calle 16 No. 9 80
1	1217	70001	Carrera 28 No. 5 267
3	1218	44001	Kilometro 5 via a Maicao
3	1219	5148	Km 6 Via Rionegro La Ceja El Tambo
3	1220	5034	Km. 4 Salida Medellin Vereda Campamento
3	1221	5154	Liceo 4 Caucasi Carretera.TR Av. Pajonal
3	1222	5579	Salida Medellin Barrio Cacique
3	1223	5837	Calle 104 entre Carreras 18 A 19 B.Jesus
1	1301	11001	Carrera 7 No. 40 53
1	1701	11001	Carrera 7 40 62
1	1702	76001	Clle 18 No. 118 250 Av Caniasgordas
0	1703	11001	Carrera 13 No. 24 15
3	1704	11001	Sede Ppal Carrera 9 51 11
3	1705	68001	Carrera 18 No. 9 27
1	1706	11001	Calle 12 No. 1 17 Este
3	1707	11001	Carrera 4 22 61
3	1708	13001	Zona Norte Anillo Vial kilometro 13
1	1709	11001	Carrera 5 21 38
1	1710	5001	Campus de Laureles Circular 1a. No. 70 01
1	1711	25175	Campus Universitario Puente del Comun
1	1712	5001	Carrera 49 No.7 SUR 50
1	1713	8001	Kilometro 5 Via Pto. Colombia
1	1714	11001	Calle 12c No. 6 25
0	1715	11001	Avenida Circunvalar No. 20 53
1	1716	76001	Cra 122 # 6 65 via a Pance
1	1717	5001	Carrera 56C 51 90 Barrio San Benito
1	1718	11001	Carrera 8H #172 20
1	1719	11001	Av Caracas No. 46 72
1	1720	52001	Calle 18 No. 34 104
3	1722	17001	Carrera 9 No. 19 03 Campohermoso
1	1723	68001	Autopista a Piedecuesta Km. 7
1	1724	13001	Calle Real Ternera Dig. 32 N. 30 , 966
1	1725	11001	Calle 13 4 31
1	1726	5615	Carrera 46 #40B 50 Sector 3
1	1727	23001	Kilometro 8 Via a Cerete
0	1728	11001	Calle 74 No. 14 14
0	1729	11001	Av. Cra 9 No. 131 A 02 Edificio Fundadores
1	1730	76520	Km 1 Via Tienda Nueva Edif. Seminario Cristo Sacerdote Piso 2
1	1731	25175	Km. 21 Via Carrera 7 La Caro
3	1732	15001	Calle 19 No. 11 64 Centro
0	1733	47001	Calle 18 Carrera 15, Esquina
0	1734	15001	Carrera 2a. Este No. 64 169
0	1735	11001	Avenida Circunvalar No. 60 00
3	1801	11001	Carrera 6 No. 12B 40
3	1802	63001	Av. Bolivar, Carrera 14 No. 7 46
3	1803	11001	Cra.5 59A 44
1	1804	8001	Calle 90 46 112
1	1805	76001	Carrera 62 Calle 5 Campus Pampalinda
0	1806	11001	Calle 8 No. 5 80
0	1807	76001	Diagonal 37A No. 3 29 Santa Isabel
0	1808	8001	Km. 7 antigua via Puerto Colombia
0	1809	66001	Calle 40 # 7 30
0	1810	54001	Av. Canal Bogota Margen Izquierdo Interseccion Benjamin Herrera
0	1811	68755	Campus Universitario Majavita
1	1812	5001	Carrera 87 No. 30 65 Los Alpes
1	1813	11001	Carrera 1 No. 18A 70
0	1814	5001	Carrera 55A 49 51
0	1815	11001	Carrera 9 45A 44
1	1816	5001	Calle 50 41 70
1	1817	68001	Calle 30A 33 51
1	1818	11001	Av. Caracas No. 44 21
1	1819	68081	Calle 57 entre carrerras 24 y 27 Barrio G
1	1820	47001	Troncal del Caribe Sector Mamatoco
0	1822	25307	Cra. 19 17 33 Barrio Las Quintas
1	1823	68001	Calle 48 39 234
0	1824	8001	Calle 76 No. 42 78
1	1825	17001	Antigua Estacion del Ferocarril
3	1826	11001	Carrera 38 58 A 77
3	1827	17001	Carrera 23 60 63
1	1828	76001	Calle 18 No.122 135 (Pance)
1	1829	76520	Carrera 30 Calle 38 Esquina
1	1830	76001	Calle 25 115 85 Km. 2 Via Jamundi
1	1831	73001	Barrio Ambala, Carrera 22 Calle 67
1	1832	13001	Campus de Ternera, Via a Turbaco Km. 1
4	1833	23001	Carrera 1W Calle 38 Barrio Juan XXIII
4	1834	13001	Calle 30 No. 20 71
1	1835	11001	Calle 222 54 37
3	2102	11001	Calle 14 No 14 23 Sur
0	2104	11001	Calle 44 # 53 37 CAN
1	2106	11001	Transversal 33 47A 35 Sur Barrio Fatima
1	2110	5001	Calle 65 77 126 Robledo
0	2111	5001	Calle 56 (Bolivia) 45 34
3	2114	76001	Calle 9 34 01
1	2206	76001	Avenida 2a. Norte 7N 28
1	2207	68081	Centro de Investigaciones Santa Lucia Km. 14 via Bucaramanga,
0	2208	73001	Calle 9 1 18
1	2209	5001	Carrera 48 7 151
1	2211	13001	Carrera 9 No.39 12
1	2301	76834	Carrera 27 A No.48 144 Km.1 salida Sur Tulua
1	2302	5266	Cra. 27B N 39 A sur 57
1	2701	11001	Carrera 9 13 40 Piso 4
1	2702	11001	Carrera 19 8A 32
0	2704	11001	Calle 35 No. 6 16
0	2707	11001	Carrera 111 No. 159 A 61 (Av. Corpas Km. 3 Suba)
1	2708	5001	Calle 10A 22 04
3	2709	11001	Carrera 18 No. 80 45
0	2710	11001	Calle 72 11 41
1	2711	66001	Avenida de las Americas Cra. 21 49 95
1	2712	11001	Carrera 9 Bis 62 43
0	2713	11001	Carrera 16 63A 68
0	2715	19001	Los Robles Km.. 8 Via al Sur
0	2716	11001	Calle 10 8 95
0	2717	68432	Ciudad Universitaria Malaga
3	2719	5001	Transversal 51A 67B 90
3	2720	15001	Carrera 11 11 16
1	2721	5001	Calle 56 41 90
0	2722	19573	Vereda Periconegro
1	2723	11001	Calle 170 No. 54 A 10
3	2724	68679	Km. 2 via San Gil Charal
1	2725	11001	Calle 57 3 00 Este
0	2727	5631	Calle 77 sur No. 40 165
0	2728	11001	Clle 71 No. 13 21
0	2730	11001	Avenida Cra. 15 151 68
1	2731	76001	Carrera 122 12 459 Pance
1	2732	5686	Carrera 21 34B 07
1	2733	11001	Calle 37 22 47
0	2736	5001	Calle 76 No. 87 14
0	2737	66001	Calle 24 No.8 55
0	2738	11001	Carrera 33 A No.30 20
1	2739	5045	Carrera 111 101 64 Barrio Los Pinos
0	2740	11001	Avenida 19 2 49 Piso 2
0	2741	73268	Carrera 7 10 37
4	2743	85001	Carrera 19 39 40
1	2744	52001	Carrera 20A 14 54
0	2745	11001	Av. 32 17 30
0	2746	11001	Calle 170 # 08 41
3	2747	5001	Circular 73 35 04
0	2748	76001	Carrera 56 (Av. Guadalupe) 1B 112
4	2749	5001	Carrera 70 52 49 Barrio Los Colores
3	2805	8001	Carrera 59 No.59 92
1	2810	8001	Calle 58 55 66
1	2811	11001	AK 45 205 59 (Autopista Norte Km.13)
1	2812	11001	Carrera 11 No 78 47
1	2813	5266	Calle 23 AA Sur Nro. 5 200 variante aeropuerto Jose Maria Cordova
0	2815	5001	Cra 84 No. 33 AA 01
0	2818	66682	Cra. 14 27 80 Santa Rosa de Cabal
1	2820	5129	Carrera 51 118 Sur 57
0	2822	11001	Avenida Calle 100 18A 51 Oficina 306
1	2823	70001	Carretera Troncal Occidente Via Corozal
0	2824	11001	Calle 69 No. 10A 36
1	2825	13001	Edificio Rafael Nuniez Centro Calle de la Soledad No. 5 70
0	2827	50001	Carrera 33 No. 34 06 Edificio Heroes del Pantano de Vargas
1	2828	41001	Calle 21 6 01
3	2829	11001	Calle 81 B No. 72 B 70
3	2830	11001	Calle 67 5 27
0	2831	11001	Calle 74 15 73
1	2832	68001	Calle 70 No. 55 210 Lagos del Cacique
3	2833	5001	Calle 51 51 27 Edificio Coltabaco Torre 1
1	2834	11001	Av Ciudad de Cali No 11B 95
0	2835	88001	Km. 14 2 29 South End
0	2836	8001	Carrera 50 79 155
0	2837	11001	Carrera 7 19 38
0	2838	5001	Km 7. Via Las Palmas
1	2840	63001	Avenida Bolivar #1 189
3	2841	5088	Carrera 45 22 D 25
0	2842	8001	Carrera 38 74 179
0	2847	68001	Calle 9 23 55
0	2848	11001	Calle 76 12 58
0	2849	19001	Calle 5 3 85
3	2850	70001	Carrera 21 25 59 La Maria
0	2901	11001	Carrera 8a No. 101 33
0	2902	11001	Calle 11 Sur 10 50 Este San Cristobal
0	2903	25269	Calle 5 No. 15 00
0	2904	11001	Carrera 11 102 50
1	2905	11001	Calle 102 7 80
0	2906	11001	Carrera 11 102 50 Edificio ESDEGUE Of.412
3	3102	54518	Calle 8 No.8 155
0	3103	13001	Calle de la Factoria carrera 3 #36 95
0	3104	19001	Cra.5#5 40
0	3107	5001	Calle 73 No. 73A 226
0	3114	8001	Via 40 Calle 58
0	3115	86001	Barrio la Esmeralda aire libre
0	3116	86749	Via Canal C Granja Versalles
0	3117	8001	Cra 45 N.48 31 Barrio El Carmen Barranquilla
0	3201	68001	Calle de los Estudiantes No.9 82
1	3204	5001	Calle 78B 72A 220
0	3301	76001	Av. 6 28N 102 Barrio San Vicente
0	3302	5001	Calle 73 NO. 76A 354 Via al Volador
0	3303	5266	Calle 38 Sur 44 120 Barrio Alcala
0	3702	11001	Carrera 14 80 35
1	3703	5001	Calle 50 40 39
1	3705	13001	Carrera 44 D 30 A 91
0	3706	76001	Calle 9B 29A 67 Champagiat
3	3710	13001	Calle del Cuartel 36 54
0	3712	11001	Calle 61 11 09
1	3713	11001	Avenida 39 15 58
0	3715	76001	Carrera 1 #46c esquina Barrio Popular
1	3716	68001	Calle 58 32 16 Barrio Conucos
0	3718	54001	Avenida 5#15 27 CENTRO
0	3719	11001	Calle 46 No. 3 05
0	3720	5001	Calle 76 80 126 Carretera al Mar
0	3723	11001	Cra. 27 # 46 69
0	3724	11001	Carrera 16 #79 81 Edificio Eastern Tower
0	3725	11001	Calle 73 # 20B 15 barrio San Felipe Bogota.
1	3801	76147	Calle 10 3 95
0	3802	5001	Calle 48 No. 77 C32
0	3803	76001	Calle 14 Norte 8 35 Barrio Granada
0	3805	76001	Calle 19 Norte 5AN 37 Barrio Versalles
0	3806	76001	Avenida 6N No. 23DN 16 Barrio Versalles
0	3807	5001	Carrera 80B No. 32EE 61
0	3808	11001	Carrera 21 53D 35
0	3809	25290	Vereda Usatama Finca Torreblanca
0	3810	68001	Calle de los Estudiantes 10 20 Ciudadela
1	3811	73349	Calle 10 #29 93/33 Barrio El Reposo
1	3812	5088	Calle 48 50 30
3	3817	52001	Calle 19 27 80
0	3819	11001	Avenida Calle 63 #22 39
0	3820	5001	Carrera 42 47 82 Centro
0	3821	8001	Cra. 38 No. 79A 167 Claustro de Santa Bernardita
0	3822	11001	Calle 13 No.68D 60
0	3823	11001	Carrera 14A 57 43
0	3824	11001	Calle 16 # 7 76
0	3826	11001	Calle 41 27A 56 La Soledad
0	3827	11001	Transversal 18 A Bis N. 37 11
0	3828	11001	Carrera 14 A N. 71 29 BARRIOS UNIDOS
0	3829	11001	calle 52 No 22 50
0	3830	11001	Calle 34 15 36
1	3831	19001	Calle 4 No. 8 30
0	3832	23162	Calle 9 9B 27 Barrio Santa Clara
0	3833	5212	Calle 50 39 203 Barrio El Mojon
0	3834	5705	Calle 20 5 07 Llano de Bolivar
0	3901	70605	Carretera Troncal Via Lorica Covenias Sucre
0	3902	25488	Fuerte Militar de Tolemaida
4	4101	76622	Carrera 7 10 20 Roldanillo
0	4102	44650	Carrera 13 7A 61 Barrio 20 de Julio
1	4106	88001	Barrio Sarie Bay con Av. Colombia
0	4107	76111	Carrera 13 Calle 26C
1	4108	11001	Calle 13 No.16 74
1	4109	76001	Avenida 4 Norte # 34AN 18 Barrio Prados de Norte Comuna No 02
0	4110	73268	Calle 18 Carrera 1 Barrio Arkabal
0	4111	47189	Calle 10 12 22 Plaza del Centenario
0	4112	17541	Carrera 5 # 6 30
0	4301	76736	Calle 51 No. 48 31
0	4701	76001	Calle 27 Norte No. 6BN 50
0	4702	11001	Calle 67 14A 29
0	4704	11001	Carrera 48 No.91 16
0	4705	11001	Calle 16A N. 12 15
0	4708	11001	Ava. 13 (Autopista Norte) 106 63
1	4709	63001	Carrera 14 3 11 Av. Bolivar
0	4710	11001	Trv. 73A N. 81i 19
0	4711	11001	Carrera 10 27 91 Torre C
0	4714	11001	Calle 36 15 63
0	4716	76001	Carrera 12 5 64 Barrio San Bosco
0	4719	11001	Diagonal 47 Sur No.53 46 Barrio Venecia
0	4721	11001	Calle 69 No. 14 30
0	4725	11001	Calle 128B 58B 57 Barrio Las Villas
0	4726	11001	Transversal 17 25 25
0	4727	11001	Calle 73 No. 10 45
0	4801	5001	Cra 79 N. 43 24
0	4803	11001	Calle 125 No 7c 62
0	4804	54001	Av 4 15 70
0	4805	11001	Av. Ciudad de Cali 69A 47
0	4806	11001	Calle 42 No.13 26
3	4808	76001	Calle 6 No. 30 23 Av. Roosevel Barrio El Cedro
0	4809	66001	Avenida 30 de Agosto 52 236
0	4810	11001	Av. Caracas 35 18
0	4811	76001	Calle 18 Nro 122 Casa 3
0	4812	11001	Avenida Caracas N. 46 57
3	4813	11001	Carrera 5 12 64 La Candelaria
0	4814	76001	Avenida 3 Norte #44 100 Barrio La Merced
0	4817	8001	CL79 # 42F 110
0	4818	8001	Calle 58 55 24A
0	4822	11001	Carrera 12 70 44/46
1	4825	66001	Carrera 6 24 56
0	4826	13001	Pie del Cerro Av.Pedro Heredia 18B 17
0	4827	5001	Calle 47 42 39
3	4829	68001	Carrera 26 50 73
0	4832	11001	Carrera 23 63 36
0	4835	11001	Autopista Norte Km. 19 (Via a Chia)
0	4837	8001	Carrera 53 59 70
0	4838	54001	Avda 1 No. 2 63 Barrio Lleras
0	5801	68001	Calle 41 10 30 Barrio Alfonso Lopez
1	5802	11001	Carrera 19 49 20
0	9101	11001	Av. Caracas 2 65 Sur
0	9102	25430	Madrid (Cundinamarca)
0	9103	76001	Carrera 8 58 67
0	9104	11001	Calle 80 38 00 (Avenida Suba)
1	9105	13001	Barrio Manzanillo, Avenida El Bosque
0	9107	11001	Carrera 50 #18 06 Puente Aranda
0	9108	11001	Calle 10 4 69
0	9109	11001	Trv 49 No. 105 84
3	9110	11001	Carrera 13 No. 65 10
3	9111	76001	Carrera (Avenida Guadalupe) No.3 88
3	9112	5001	Calle 51 57 70
3	9113	25473	Km. 16 Via Bogota Mosquera
3	9114	63001	Carrera 19 7 75
3	9115	76111	Variante Tulua Buenaventura
3	9116	27001	Calle 20 No 5 66 Barrio La Yesquita
0	9117	11001	Av. Caracas No. 35 38
3	9119	8001	Calle 71 No. 41C 35 Edificio COSMOS Bloque D.
0	9120	5001	Palacio Bellas Artes, Calle 52 No. 42 08
0	9121	13001	Centro Calle de la Factoria 36 27
0	9122	68001	Calle de los Estudiantes 10 20 Ciudadela Real de Minas
3	9123	41001	Clle 7 #3 27 y Clle 19 #42 98
0	9124	5440	Calle 30 #36 11
3	9125	5705	Calle 9 7 36 Diagonal al Comando de Policia
0	9126	8001	Carrera 46 Calle 57 Esquina
1	9127	5631	Calle 75 sur #34 120
0	9128	11001	Calle 77 A N. 13 12 Barrio El Espartillal
0	9129	11001	AVENIDA CRA 68 #90 88
0	9130	86568	Clle 11 Cra 17 esquina
1	9131	11001	Calle 77#11 63
0	9132	11001	Cra 5 No. 118 10
3	9899	11001	Carrera 7 35 85
0	9900	5001	Calle 56 #41 147
0	9901	52001	Carrera 20A 14 54
0	9902	68001	Avenida Gonzalez Valencia #52 69
0	9903	11001	Calle 52A No. 9 76
0	9904	11001	Avenida Caracas #63 87
0	9905	41615	Km.11 via al Sur
0	9906	76001	Cll. 27 Norte N. 6BN 50 Santa Monica Residencial
0	9907	41001	CALLE 10 # 6 41
3	9908	76111	Carrera 13 5 21
3	9909	76895	Calle 14 N. 7 134 Barrio Bolivar
0	9910	11001	Carrera 5 #65 50
3	9911	76109	Av.Simon Bolivar Km 9 Contiguo al Colegio ITI
3	9912	76520	Carrera 31 Av. La Carbonera
0	9913	11001	Carrera 18 No. 79 25
0	9914	11001	Carrera 11 #80 57
0	9915	11001	Carrera 19 71 A 23
0	9918	25214	Km 4 Via Suba a Cota
0	9919	25175	Cra. 7 Km 17 Los Arrayanes
1	9920	52835	Calle 44 N. 45 67
0	9921	52001	CALLE 18 N. 56 02
1	9922	66001	CRA. 5 N. 21 30
0	9923	11001	Cra 18B No 106 A 15
0	9924	11001	Calle 39A No. 19 18
0	9925	68276	Calle 155A No. 23 58 Urbanizacion El Bosque
0	9926	11001	Calle 100 19 61 Piso 8
1	9927	5001	Cra 55 N. 42 90 Int. 0101
0	9928	11001	Avenida el Dorado No. 69 96
0	9929	19001	Calle 78N Carrera 19N Urbanizacion La Aldea
0	9930	11001	CALLE 102 NO. 7 80 CANTON NORTE
0	9931	11001	Cra. 16 No. 70a 68
0	9932	11001	Calle 170 No. 8G 31
1	9933	20621	Carrera 45 #26 85
0	9934	11001	Avenida el Dorado N. 103 23
0	9935	68081	Calle 55 # 19 25
0	9936	54001	AV 2 # 13 30
0	9937	19807	calle 15#19 19 barrio centro
0	9938	68001	calle 62 #27 126
0	9939	8001	Calle 75B No. 42F 83
0	9940	47001	Carrera 8 N. 28 A 60
0	9941	73001	Calle 47 No. 6A 41
0	9942	73001	Calle 47 No. 6 A 41
3	9943	50001	CRA. 22 con CLL. 1A Via a Puerto Lopez
0	9944	76001	Sede 1 Coltabaco: Calle 12 Carrera 1 esquina
0	9945	11001	CALLE 34 N. 5 98
0	9946	5088	Cra. 57a N. 37 115
0	9947	8001	Carrera 53. 53 109
\.

